Date,Store_ID,Product_ID,Category,Region,Inventory_Level,Units_Sold,Units_Ordered,Demand_Forecast,Price,Discount,Weather_Condition,Holiday_Promotion,Competitor_Pricing,Seasonality
2022-06-01,S001,P0159,Electronics,West,165,80,89,95.5,45.03,0,Sunny,0,43.13,Summer
2022-09-08,S005,P0159,Electronics,North,130,88,75,107.66,78.13,15,Snowy,0,72.01,Autumn
2022-01-04,S001,P0057,Clothing,North,200,134,149,130.51,47.59,0,Cloudy,0,51.13,Winter
2022-02-16,S003,P0061,Clothing,South,122,80,76,80.17,78.75,0,Snowy,0,78.66,Winter
2022-05-17,S004,P0031,Electronics,North,91,23,25,29.29,14.15,10,Snowy,0,13.63,Summer
2023-11-03,S005,P0079,Furniture,North,132,100,85,132.49,65.9,10,Snowy,0,65.71,Winter
2022-04-02,S003,P0126,Clothing,East,115,116,99,119.03,18.84,5,Snowy,0,20.66,Spring
2022-08-01,S005,P0183,Electronics,South,123,79,83,107.71,42.03,0,Rainy,0,41.61,Autumn
2022-10-06,S004,P0070,Electronics,South,171,69,76,71.9,87.66,5,Rainy,0,80.27,Autumn
2022-12-06,S003,P0096,Toys,West,181,148,125,162.74,27.94,20,Rainy,0,26.47,Winter
2022-06-30,S002,P0094,Groceries,North,123,78,71,89.74,22.49,0,Snowy,0,21.89,Summer
2022-04-11,S005,P0031,Electronics,East,124,80,89,75.0,45.22,10,Sunny,0,45.26,Spring
2023-07-13,S002,P0116,Furniture,North,181,101,90,112.17,66.23,10,Cloudy,0,61.08,Summer
2023-09-09,S005,P0129,Furniture,East,189,114,125,128.58,15.7,0,Rainy,1,17.05,Autumn
2023-04-25,S001,P0116,Furniture,East,180,101,82,120.6,24.29,0,Cloudy,0,24.11,Spring
2023-03-01,S003,P0066,Clothing,South,148,90,87,91.93,14.5,0,Cloudy,0,15.8,Spring
2022-02-04,S001,P0129,Furniture,South,104,59,52,74.09,86.21,0,Rainy,0,79.93,Winter
2023-01-05,S003,P0083,Toys,East,158,106,105,135.24,13.74,20,Cloudy,0,13.63,Winter
2022-04-30,S004,P0133,Clothing,West,66,45,44,59.35,50.0,0,Rainy,0,50.41,Spring
2022-07-26,S004,P0083,Toys,East,141,105,102,115.04,64.22,5,Cloudy,0,58.08,Summer
2023-10-11,S005,P0129,Furniture,North,144,94,106,128.78,36.54,10,Sunny,0,36.33,Autumn
2023-12-18,S003,P0046,Clothing,East,275,159,183,156.39,30.84,0,Cloudy,0,32.34,Winter
2023-07-05,S005,P0178,Clothing,North,145,79,84,95.4,97.41,15,Rainy,0,103.1,Summer
2023-05-24,S001,P0094,Groceries,South,171,116,133,133.72,77.16,0,Sunny,1,77.9,Summer
2022-11-06,S002,P0069,Clothing,North,196,101,117,130.85,76.39,5,Cloudy,0,78.94,Winter
2023-08-19,S005,P0096,Toys,East,292,190,221,186.19,57.1,5,Sunny,0,52.26,Autumn
2023-02-16,S005,P0178,Clothing,East,187,114,121,161.79,77.13,10,Cloudy,0,78.97,Winter
2022-03-27,S001,P0069,Clothing,West,170,107,98,146.63,47.92,0,Cloudy,0,48.54,Spring
2023-07-10,S004,P0126,Clothing,North,180,113,111,108.06,37.39,5,Cloudy,0,38.48,Summer
2023-11-23,S002,P0017,Toys,North,100,93,81,90.54,96.49,20,Rainy,0,100.9,Winter
2022-06-10,S005,P0178,Clothing,South,145,144,136,148.52,80.0,0,Cloudy,1,87.78,Summer
2023-05-04,S001,P0096,Toys,South,127,126,122,135.97,46.27,15,Cloudy,1,46.32,Summer
2022-09-22,S002,P0183,Electronics,North,110,70,70,73.64,48.95,0,Sunny,0,45.11,Autumn
2022-10-24,S003,P0187,Clothing,South,129,83,67,78.84,91.28,10,Snowy,0,92.28,Autumn
2022-07-14,S003,P0153,Furniture,West,119,79,69,75.27,81.45,15,Cloudy,0,82.31,Summer
2023-12-20,S003,P0016,Clothing,North,58,45,39,58.61,51.2,0,Cloudy,0,47.15,Winter
2023-12-24,S001,P0126,Clothing,North,159,108,129,119.26,67.4,10,Snowy,0,61.01,Winter
2023-10-22,S004,P0067,Furniture,East,134,91,88,86.09,55.6,0,Sunny,0,56.52,Autumn
2022-02-01,S001,P0070,Electronics,East,110,89,83,87.63,41.88,10,Snowy,0,40.61,Winter
2023-11-30,S005,P0016,Clothing,North,185,162,135,190.06,77.69,5,Snowy,0,70.38,Winter
2022-12-13,S004,P0017,Toys,West,95,86,68,94.06,31.47,0,Cloudy,0,34.11,Winter
2022-12-09,S003,P0094,Groceries,South,106,111,89,111.38,88.95,0,Rainy,0,80.95,Winter
2022-07-12,S004,P0178,Clothing,West,142,65,56,83.72,71.29,10,Snowy,0,74.03,Summer
2022-11-21,S005,P0171,Electronics,South,147,87,90,121.44,91.53,0,Sunny,0,100.64,Winter
2023-07-28,S004,P0126,Clothing,East,126,128,115,133.11,40.14,0,Rainy,0,37.38,Summer
2023-11-17,S001,P0094,Groceries,West,145,55,64,79.17,55.94,0,Cloudy,1,56.31,Winter
2023-10-09,S003,P0129,Furniture,North,83,68,59,66.27,41.03,5,Sunny,0,37.47,Autumn
2022-10-22,S002,P0070,Electronics,South,100,81,82,82.07,57.34,10,Rainy,0,59.96,Autumn
2023-04-24,S005,P0153,Furniture,South,157,71,78,97.9,82.42,0,Rainy,0,80.95,Spring
2023-10-03,S004,P0183,Electronics,North,140,55,54,55.16,27.37,10,Cloudy,0,28.12,Autumn
2023-08-09,S003,P0159,Electronics,East,197,116,116,133.89,74.6,20,Rainy,0,70.84,Autumn
2023-09-26,S001,P0085,Electronics,West,123,26,30,35.1,85.72,10,Cloudy,0,90.96,Autumn
2023-11-15,S001,P0126,Clothing,North,165,130,108,178.52,52.59,0,Cloudy,0,49.59,Winter
2022-04-04,S004,P0183,Electronics,North,247,127,151,142.35,42.93,10,Snowy,0,45.1,Spring
2023-09-24,S004,P0066,Clothing,South,173,84,79,113.32,51.4,5,Snowy,0,52.54,Autumn
2023-08-14,S002,P0017,Toys,North,167,139,113,159.6,71.69,10,Sunny,0,74.83,Autumn
2023-11-05,S005,P0070,Electronics,East,105,49,43,68.08,27.32,10,Rainy,0,28.6,Winter
2022-10-15,S002,P0066,Clothing,South,101,92,100,88.27,82.5,5,Rainy,0,89.52,Autumn
2022-02-18,S005,P0046,Clothing,South,28,21,23,27.9,74.57,0,Cloudy,1,71.71,Winter
2023-03-02,S002,P0069,Clothing,East,69,68,63,66.61,64.62,0,Rainy,0,64.23,Spring
2023-02-15,S002,P0017,Toys,North,143,57,57,82.58,28.65,0,Snowy,0,30.7,Winter
2022-07-01,S001,P0069,Clothing,East,83,33,35,37.53,15.16,5,Rainy,0,15.35,Summer
2023-03-05,S001,P0069,Clothing,West,130,33,33,36.14,38.55,10,Sunny,0,41.18,Spring
2022-08-09,S004,P0016,Clothing,West,132,85,85,86.95,32.1,10,Cloudy,0,33.92,Autumn
2023-12-25,S002,P0094,Groceries,West,99,97,83,118.33,68.1,20,Sunny,1,69.66,Winter
2022-12-22,S005,P0061,Clothing,West,134,128,123,128.23,68.01,5,Sunny,0,64.73,Winter
2023-12-02,S002,P0178,Clothing,South,147,120,127,112.17,42.67,10,Sunny,0,46.19,Winter
2022-08-20,S001,P0116,Furniture,South,209,135,137,156.93,65.56,20,Cloudy,0,65.25,Autumn
2023-07-23,S004,P0085,Electronics,South,110,0,20,0.0,38.25,20,Sunny,0,40.02,Summer
2022-07-27,S001,P0159,Electronics,North,51,48,42,45.97,23.64,0,Snowy,0,23.65,Summer
2023-09-19,S002,P0066,Clothing,North,185,143,128,137.29,93.36,5,Snowy,0,99.08,Autumn
2023-06-07,S001,P0031,Electronics,East,170,86,102,79.15,16.98,10,Sunny,0,17.96,Summer
2023-06-17,S002,P0061,Clothing,East,80,76,64,79.19,69.3,0,Cloudy,0,64.16,Summer
2022-02-02,S004,P0067,Furniture,East,126,117,113,151.19,37.35,15,Sunny,0,39.54,Winter
2022-03-12,S003,P0166,Groceries,West,134,72,78,83.05,53.5,10,Sunny,1,51.6,Spring
2022-03-07,S005,P0069,Clothing,West,172,98,90,97.4,80.45,0,Snowy,0,82.96,Spring
2023-02-14,S005,P0096,Toys,East,102,109,98,101.78,51.36,10,Cloudy,0,54.0,Winter
2023-02-25,S005,P0096,Toys,West,154,123,144,126.36,62.72,20,Rainy,0,61.94,Winter
2023-01-08,S003,P0126,Clothing,South,250,226,237,228.57,40.52,10,Rainy,0,37.11,Winter
2022-09-05,S004,P0149,Furniture,West,148,87,87,111.65,88.7,5,Snowy,0,93.31,Autumn
2022-09-07,S001,P0066,Clothing,West,124,72,57,91.49,63.16,5,Cloudy,0,68.17,Autumn
2023-01-12,S005,P0129,Furniture,East,174,119,138,168.91,69.99,15,Sunny,0,67.95,Winter
2022-11-06,S001,P0159,Electronics,East,71,64,68,77.65,64.28,10,Cloudy,0,65.57,Winter
2023-11-22,S004,P0125,Clothing,East,61,49,40,68.64,82.28,10,Snowy,0,86.9,Winter
2023-01-08,S001,P0183,Electronics,North,91,88,75,125.61,24.13,0,Snowy,0,22.79,Winter
2023-03-31,S001,P0126,Clothing,West,127,56,46,64.49,80.21,10,Rainy,0,82.06,Spring
2022-11-24,S004,P0094,Groceries,West,119,64,70,85.23,23.08,0,Rainy,0,21.91,Winter
2022-07-07,S004,P0070,Electronics,East,111,86,87,88.41,43.58,0,Sunny,0,44.17,Summer
2022-02-23,S005,P0149,Furniture,South,226,129,140,159.87,40.06,10,Snowy,0,41.58,Winter
2022-10-02,S002,P0096,Toys,West,163,123,123,120.2,29.93,20,Cloudy,0,29.69,Autumn
2022-06-23,S001,P0069,Clothing,North,124,93,79,110.21,58.64,0,Sunny,0,56.09,Summer
2023-12-31,S002,P0094,Groceries,North,103,86,83,94.02,44.98,0,Cloudy,0,43.01,Winter
2022-01-31,S001,P0175,Electronics,North,72,54,62,63.52,88.93,5,Cloudy,0,89.86,Winter
2023-12-08,S003,P0125,Clothing,South,150,106,112,138.96,13.62,5,Rainy,0,14.05,Winter
2023-08-21,S004,P0125,Clothing,South,211,134,124,122.8,31.46,5,Cloudy,0,29.24,Autumn
2023-04-21,S001,P0149,Furniture,East,164,89,91,103.73,99.98,0,Rainy,0,103.49,Spring
2022-11-24,S002,P0153,Furniture,South,215,122,145,142.98,33.41,5,Snowy,0,32.8,Winter
2023-10-18,S004,P0125,Clothing,West,194,126,104,118.84,39.84,5,Snowy,1,42.28,Autumn
2022-12-17,S003,P0085,Electronics,East,146,71,61,86.82,72.69,0,Sunny,1,66.81,Winter
2022-10-24,S005,P0129,Furniture,North,98,88,87,96.44,39.53,5,Rainy,1,43.31,Autumn
2023-07-26,S004,P0126,Clothing,South,146,95,100,90.1,23.92,0,Rainy,0,23.55,Summer
2023-06-22,S003,P0046,Clothing,North,109,63,72,84.82,35.53,20,Sunny,0,33.0,Summer
2022-04-29,S002,P0069,Clothing,South,120,84,91,89.23,27.27,5,Snowy,0,26.73,Spring
2023-04-29,S002,P0085,Electronics,East,111,63,72,68.12,93.1,15,Snowy,0,84.43,Spring
2023-04-28,S003,P0066,Clothing,South,143,107,120,126.76,98.43,0,Snowy,0,95.99,Spring
2022-06-11,S001,P0171,Electronics,South,80,77,66,78.48,56.11,10,Rainy,0,60.49,Summer
2023-12-19,S001,P0166,Groceries,East,161,64,65,90.94,34.07,10,Snowy,0,31.31,Winter
2022-12-20,S005,P0175,Electronics,North,83,81,75,76.16,91.7,10,Rainy,0,84.33,Winter
2023-01-30,S001,P0149,Furniture,East,163,103,99,106.57,34.51,0,Cloudy,0,35.45,Winter
2023-03-01,S004,P0116,Furniture,East,117,107,98,122.4,90.02,0,Sunny,0,95.75,Spring
2022-10-04,S002,P0079,Furniture,North,135,103,92,110.02,35.22,0,Sunny,1,34.97,Autumn
2022-01-16,S003,P0079,Furniture,North,86,76,67,76.33,86.87,0,Rainy,0,92.23,Winter
2023-06-20,S003,P0149,Furniture,South,152,172,138,166.46,42.83,10,Cloudy,1,46.31,Summer
2023-10-17,S004,P0187,Clothing,West,59,44,41,44.18,69.28,10,Cloudy,0,73.74,Autumn
2022-10-13,S003,P0057,Clothing,South,114,53,50,73.95,46.91,0,Rainy,0,45.08,Autumn
2023-07-30,S003,P0031,Electronics,West,264,182,165,167.12,97.98,0,Cloudy,0,94.02,Summer
2022-10-03,S001,P0171,Electronics,West,114,58,53,63.64,71.62,20,Rainy,1,65.23,Autumn
2023-07-02,S001,P0178,Clothing,East,69,52,46,58.91,27.16,10,Cloudy,0,24.5,Summer
2022-06-04,S002,P0061,Clothing,South,58,32,37,40.34,57.43,0,Cloudy,0,62.43,Summer
2023-05-05,S003,P0017,Toys,East,120,94,77,98.46,69.76,10,Snowy,0,66.55,Summer
2023-10-04,S004,P0125,Clothing,West,213,143,114,133.04,19.55,0,Rainy,0,18.99,Autumn
2022-07-21,S002,P0017,Toys,West,166,74,75,83.48,11.41,10,Cloudy,0,12.33,Summer
2022-02-11,S004,P0016,Clothing,South,186,106,88,132.86,33.15,20,Sunny,1,33.07,Winter
2022-04-19,S001,P0067,Furniture,West,105,101,88,94.7,46.76,10,Sunny,0,42.46,Spring
2022-09-04,S003,P0061,Clothing,North,92,54,63,71.5,14.66,5,Rainy,0,15.74,Autumn
2023-01-21,S002,P0159,Electronics,East,156,74,67,97.78,72.7,5,Cloudy,0,74.59,Winter
2023-07-07,S001,P0057,Clothing,East,218,148,161,170.08,11.11,0,Sunny,1,11.08,Summer
2022-04-19,S001,P0166,Groceries,South,140,55,57,76.23,72.41,5,Sunny,0,66.06,Spring
2023-10-25,S002,P0069,Clothing,East,173,91,89,85.51,45.07,0,Rainy,0,44.26,Autumn
2022-11-14,S003,P0046,Clothing,South,189,128,104,148.23,50.41,10,Snowy,1,49.77,Winter
2023-11-10,S002,P0031,Electronics,East,131,67,62,92.84,16.16,15,Rainy,1,17.55,Winter
2023-08-21,S002,P0125,Clothing,East,168,128,147,128.56,53.28,5,Sunny,0,52.3,Autumn
2023-02-01,S002,P0068,Electronics,West,114,48,51,47.54,12.94,10,Rainy,0,13.4,Winter
2022-12-30,S002,P0079,Furniture,North,117,102,93,121.0,90.05,10,Cloudy,1,98.49,Winter
2023-05-24,S005,P0153,Furniture,West,140,66,52,88.85,18.48,10,Rainy,0,17.2,Summer
2022-04-21,S003,P0159,Electronics,West,183,106,106,106.65,56.66,10,Rainy,0,56.36,Spring
2023-04-20,S004,P0153,Furniture,North,83,70,64,75.06,76.67,0,Cloudy,0,82.47,Spring
2023-09-11,S005,P0085,Electronics,East,169,120,128,139.41,17.29,5,Sunny,1,15.58,Autumn
2022-10-07,S003,P0066,Clothing,West,33,30,28,35.02,34.29,0,Cloudy,0,35.53,Autumn
2022-12-30,S003,P0094,Groceries,East,155,97,111,112.02,88.71,0,Snowy,0,97.46,Winter
2023-11-17,S001,P0067,Furniture,North,132,103,115,102.11,97.3,5,Rainy,0,102.38,Winter
2023-08-07,S002,P0125,Clothing,South,167,83,94,107.61,13.95,0,Snowy,0,14.58,Autumn
2023-07-02,S001,P0094,Groceries,East,146,153,134,151.2,95.62,0,Sunny,0,103.66,Summer
2022-05-21,S004,P0070,Electronics,West,100,82,74,87.25,37.0,10,Snowy,1,39.7,Summer
2022-04-23,S005,P0046,Clothing,West,119,43,35,59.28,55.72,5,Rainy,0,56.15,Spring
2022-03-18,S001,P0171,Electronics,West,97,63,70,76.64,81.9,0,Cloudy,0,80.11,Spring
2022-05-31,S005,P0133,Clothing,West,209,145,143,138.67,38.39,10,Sunny,0,38.83,Summer
2022-07-25,S005,P0061,Clothing,West,119,96,87,111.15,35.38,0,Cloudy,1,36.51,Summer
2023-10-01,S001,P0149,Furniture,West,161,93,82,105.14,90.45,10,Snowy,0,92.91,Autumn
2023-03-05,S002,P0016,Clothing,East,96,85,74,106.82,30.04,10,Rainy,0,30.13,Spring
2022-12-08,S003,P0069,Clothing,South,211,174,173,179.85,95.85,5,Rainy,0,88.75,Winter
2023-05-23,S005,P0166,Groceries,West,181,113,103,109.2,69.83,10,Snowy,0,75.58,Summer
2023-01-23,S002,P0183,Electronics,South,197,107,108,124.3,14.0,5,Sunny,0,14.2,Winter
2023-04-12,S002,P0066,Clothing,West,113,81,87,86.51,17.67,10,Rainy,0,16.86,Spring
2022-11-29,S005,P0057,Clothing,West,190,142,122,164.42,18.55,0,Cloudy,1,19.29,Winter
2023-04-30,S005,P0057,Clothing,South,133,113,101,144.52,28.99,15,Cloudy,0,27.53,Spring
2023-05-19,S002,P0183,Electronics,East,127,54,64,54.58,14.9,10,Snowy,0,14.94,Summer
2022-07-29,S004,P0171,Electronics,South,101,89,79,106.43,63.88,5,Rainy,0,68.94,Summer
2023-07-24,S001,P0067,Furniture,East,142,113,115,124.56,19.09,0,Snowy,0,18.57,Summer
2023-02-08,S005,P0125,Clothing,North,180,180,156,184.68,51.34,10,Rainy,0,51.81,Winter
2022-11-08,S003,P0057,Clothing,East,210,141,161,169.41,72.11,5,Rainy,0,67.93,Winter
2023-05-17,S005,P0046,Clothing,West,65,34,35,36.72,47.14,5,Sunny,0,47.9,Summer
2022-06-07,S003,P0083,Toys,West,149,110,113,108.81,51.28,5,Snowy,0,49.65,Summer
2022-10-28,S004,P0069,Clothing,North,200,126,115,125.61,60.05,10,Cloudy,0,55.84,Autumn
2022-10-21,S004,P0175,Electronics,North,114,80,93,94.14,51.17,15,Snowy,0,55.01,Autumn
2022-04-11,S002,P0187,Clothing,South,94,76,90,79.74,79.23,20,Sunny,0,74.95,Spring
2022-02-15,S001,P0116,Furniture,West,127,121,126,134.65,43.87,0,Rainy,1,42.62,Winter
2023-01-07,S004,P0061,Clothing,North,236,176,169,175.78,52.96,10,Cloudy,0,53.64,Winter
2022-07-01,S004,P0046,Clothing,East,168,106,101,113.94,22.48,10,Snowy,0,22.63,Summer
2023-06-15,S003,P0175,Electronics,South,132,53,51,58.99,26.1,5,Sunny,0,24.25,Summer
2022-03-01,S003,P0133,Clothing,East,98,52,54,67.91,14.07,0,Cloudy,0,13.37,Spring
2023-02-14,S004,P0125,Clothing,East,79,31,32,29.72,55.28,10,Cloudy,0,53.52,Winter
2022-11-03,S003,P0069,Clothing,West,122,92,85,103.69,55.52,0,Sunny,0,53.44,Winter
2023-02-14,S005,P0046,Clothing,North,201,157,181,163.65,11.27,0,Snowy,0,10.62,Winter
2023-01-06,S001,P0061,Clothing,South,214,161,162,160.25,29.7,0,Rainy,0,31.32,Winter
2023-01-04,S003,P0017,Toys,East,205,110,124,109.89,53.74,15,Cloudy,0,56.46,Winter
2023-10-24,S005,P0166,Groceries,East,159,128,123,154.5,91.64,10,Sunny,0,98.96,Autumn
2023-10-06,S001,P0171,Electronics,South,176,120,136,127.97,22.56,10,Sunny,0,20.9,Autumn
2022-11-01,S003,P0031,Electronics,North,156,95,90,112.08,60.7,0,Cloudy,0,65.8,Winter
2022-03-25,S001,P0085,Electronics,North,184,112,129,120.09,83.83,0,Cloudy,0,82.6,Spring
2022-10-02,S004,P0166,Groceries,South,65,60,57,80.12,22.15,0,Sunny,0,20.65,Autumn
2023-11-08,S002,P0017,Toys,North,89,88,70,99.26,87.22,20,Cloudy,0,89.98,Winter
2023-05-26,S005,P0125,Clothing,South,156,78,66,100.99,89.64,0,Rainy,0,96.55,Summer
2022-10-04,S001,P0070,Electronics,North,114,61,62,73.51,85.29,10,Snowy,0,81.32,Autumn
2022-06-04,S005,P0187,Clothing,South,91,44,44,56.85,56.49,10,Snowy,0,58.37,Summer
2022-04-02,S003,P0057,Clothing,West,158,116,137,145.27,21.23,10,Snowy,0,20.16,Spring
2023-10-01,S001,P0126,Clothing,North,167,91,89,124.56,79.09,10,Sunny,1,75.76,Autumn
2023-03-25,S005,P0046,Clothing,South,153,93,107,89.82,27.03,0,Snowy,0,28.69,Spring
2023-03-13,S001,P0046,Clothing,North,101,93,98,109.54,81.23,0,Sunny,0,85.8,Spring
2022-03-13,S003,P0067,Furniture,South,109,50,43,49.4,79.06,5,Snowy,0,81.38,Spring
2022-02-17,S003,P0178,Clothing,West,206,140,135,182.89,80.71,0,Rainy,0,84.2,Winter
2022-05-08,S005,P0046,Clothing,South,153,94,96,102.11,54.71,0,Snowy,0,56.0,Summer
2023-08-20,S001,P0149,Furniture,East,103,108,89,106.0,93.6,10,Sunny,0,92.52,Autumn
2023-11-19,S001,P0057,Clothing,South,212,199,181,238.04,86.77,10,Cloudy,1,87.62,Winter
2023-06-05,S001,P0094,Groceries,West,137,108,120,122.97,75.08,5,Rainy,0,69.2,Summer
2023-06-02,S002,P0125,Clothing,West,147,54,56,73.61,38.38,15,Rainy,0,40.71,Summer
2023-05-10,S003,P0061,Clothing,North,92,73,79,70.56,52.42,10,Sunny,0,54.48,Summer
2023-09-19,S001,P0031,Electronics,North,96,60,70,73.55,26.68,5,Cloudy,0,25.59,Autumn
2023-05-30,S004,P0125,Clothing,North,203,136,154,134.27,38.77,0,Rainy,0,39.8,Summer
2022-08-31,S005,P0149,Furniture,North,79,74,64,93.33,78.49,5,Snowy,1,72.19,Autumn
2023-06-07,S003,P0061,Clothing,North,140,124,132,138.05,65.1,0,Cloudy,0,61.15,Summer
2022-04-18,S003,P0057,Clothing,South,166,65,74,78.89,22.09,10,Rainy,0,21.95,Spring
2023-11-06,S004,P0175,Electronics,East,166,60,71,76.5,95.4,10,Rainy,0,101.19,Winter
2022-04-18,S002,P0125,Clothing,South,134,119,114,114.61,14.14,5,Snowy,0,13.97,Spring
2023-10-17,S004,P0079,Furniture,South,138,59,65,79.76,82.1,15,Sunny,0,86.37,Autumn
2023-05-16,S004,P0166,Groceries,South,145,104,115,115.68,20.71,15,Cloudy,0,18.79,Summer
2023-10-14,S004,P0070,Electronics,East,81,27,29,25.34,92.8,5,Sunny,0,83.95,Autumn
2023-07-05,S005,P0183,Electronics,West,218,149,146,145.37,82.16,5,Sunny,1,77.02,Summer
2022-01-20,S002,P0175,Electronics,North,70,57,62,71.7,48.73,0,Sunny,0,44.44,Winter
2023-10-10,S001,P0175,Electronics,East,87,70,71,100.68,25.14,15,Sunny,0,25.15,Autumn
2023-09-13,S002,P0126,Clothing,North,116,83,98,116.18,31.72,0,Snowy,0,29.87,Autumn
2023-03-21,S003,P0070,Electronics,South,94,81,79,91.2,84.64,10,Sunny,1,82.28,Spring
2023-09-24,S003,P0166,Groceries,West,149,135,135,166.99,50.15,15,Cloudy,0,53.8,Autumn
2022-06-08,S001,P0068,Electronics,South,139,121,111,143.03,89.42,10,Snowy,0,80.81,Summer
2022-07-27,S004,P0085,Electronics,South,167,91,87,124.06,32.27,0,Snowy,0,34.11,Summer
2023-02-06,S004,P0153,Furniture,North,139,102,116,101.0,45.23,0,Sunny,0,44.46,Winter
2022-02-08,S001,P0171,Electronics,South,172,94,83,121.25,15.15,5,Cloudy,1,16.58,Winter
2023-09-05,S001,P0183,Electronics,East,39,34,39,43.82,43.71,15,Rainy,0,39.51,Autumn
2023-05-15,S004,P0067,Furniture,North,122,87,72,110.18,76.68,0,Rainy,0,70.95,Summer
2023-05-27,S001,P0070,Electronics,West,115,40,47,51.95,74.36,20,Sunny,0,81.08,Summer
2022-06-29,S004,P0116,Furniture,South,169,90,101,112.66,20.67,10,Rainy,0,21.65,Summer
2022-02-17,S004,P0066,Clothing,South,229,137,158,141.5,93.48,10,Cloudy,0,89.18,Winter
2022-06-20,S004,P0079,Furniture,North,74,73,66,88.12,29.23,20,Snowy,0,29.84,Summer
2022-11-28,S003,P0017,Toys,West,193,95,105,126.99,72.72,15,Sunny,0,75.52,Winter
2022-11-08,S003,P0066,Clothing,West,250,185,220,178.59,58.83,0,Sunny,0,56.76,Winter
2023-02-14,S002,P0183,Electronics,South,176,80,86,84.7,83.01,15,Snowy,0,79.77,Winter
2022-02-16,S005,P0079,Furniture,West,98,73,84,90.0,19.27,5,Rainy,0,17.88,Winter
2023-07-17,S005,P0094,Groceries,North,98,80,69,104.58,24.58,10,Snowy,0,23.68,Summer
2022-04-25,S001,P0079,Furniture,West,166,74,74,86.25,38.44,15,Sunny,0,39.56,Spring
2023-07-02,S005,P0016,Clothing,North,88,81,86,88.61,49.08,5,Rainy,0,52.45,Summer
2022-01-13,S003,P0096,Toys,West,169,79,70,104.11,54.16,0,Snowy,0,52.1,Winter
2022-07-07,S001,P0149,Furniture,South,110,97,109,104.7,80.62,20,Snowy,0,83.39,Summer
2022-05-03,S004,P0126,Clothing,South,128,45,38,47.67,50.26,20,Sunny,1,46.44,Summer
2023-08-02,S004,P0175,Electronics,South,202,113,125,114.54,49.08,20,Snowy,0,47.64,Autumn
2022-05-14,S002,P0016,Clothing,East,196,122,131,149.45,98.94,15,Snowy,0,103.74,Summer
2022-03-10,S004,P0046,Clothing,East,141,88,101,93.91,41.49,5,Rainy,0,44.66,Spring
2023-12-07,S001,P0125,Clothing,East,224,142,157,159.54,62.21,10,Rainy,1,64.58,Winter
2022-11-01,S002,P0126,Clothing,West,268,184,216,191.15,34.42,20,Cloudy,0,31.2,Winter
2022-02-27,S003,P0067,Furniture,South,129,109,96,100.18,84.89,15,Rainy,0,81.01,Winter
2023-06-04,S003,P0017,Toys,East,172,120,105,120.41,27.33,10,Snowy,0,25.98,Summer
2023-07-29,S003,P0057,Clothing,West,111,35,38,42.4,83.07,0,Cloudy,0,79.0,Summer
2022-01-12,S003,P0175,Electronics,West,117,62,50,85.01,28.94,0,Sunny,0,27.97,Winter
2022-05-11,S002,P0129,Furniture,North,180,97,81,138.45,34.21,10,Cloudy,0,36.32,Summer
2023-01-23,S004,P0187,Clothing,North,189,114,133,113.34,30.57,0,Rainy,0,29.85,Winter
2022-09-16,S003,P0159,Electronics,East,113,77,78,88.39,20.01,10,Sunny,0,21.62,Autumn
2022-01-10,S001,P0125,Clothing,East,185,161,179,163.42,54.85,10,Sunny,1,60.06,Winter
2023-08-17,S005,P0159,Electronics,South,101,58,63,56.95,35.15,10,Rainy,0,33.26,Autumn
2022-07-29,S004,P0116,Furniture,East,119,62,64,79.84,91.01,10,Snowy,1,95.11,Summer
2022-06-24,S002,P0046,Clothing,South,119,80,89,93.79,84.8,0,Snowy,0,83.63,Summer
2022-05-14,S003,P0068,Electronics,West,162,107,112,112.79,12.99,0,Cloudy,0,13.53,Summer
2023-01-22,S003,P0083,Toys,North,187,121,105,140.76,92.92,10,Rainy,0,90.5,Winter
2022-07-14,S003,P0085,Electronics,North,181,98,109,121.74,77.45,20,Cloudy,0,75.12,Summer
2022-09-22,S002,P0126,Clothing,North,144,76,86,91.79,23.58,10,Rainy,1,25.18,Autumn
2023-04-08,S004,P0125,Clothing,North,100,81,69,90.76,85.88,0,Sunny,0,90.92,Spring
2023-03-09,S005,P0183,Electronics,South,130,119,121,128.48,85.02,5,Rainy,1,77.32,Spring
2023-05-01,S003,P0171,Electronics,North,155,132,139,142.85,79.2,20,Sunny,1,77.13,Summer
2023-09-24,S005,P0031,Electronics,South,130,69,81,84.33,22.78,15,Cloudy,1,22.83,Autumn
2023-09-15,S005,P0083,Toys,South,114,59,55,56.84,76.04,5,Cloudy,1,71.14,Autumn
2022-02-18,S003,P0057,Clothing,West,210,184,172,188.16,40.01,0,Cloudy,0,43.67,Winter
2023-11-13,S002,P0129,Furniture,South,76,61,54,65.96,12.1,5,Snowy,0,12.33,Winter
2022-01-20,S004,P0126,Clothing,South,196,124,143,168.79,95.15,15,Sunny,0,103.03,Winter
2023-09-24,S003,P0183,Electronics,South,167,85,89,100.44,98.02,5,Cloudy,0,94.19,Autumn
2022-02-21,S002,P0061,Clothing,South,181,125,109,165.63,17.72,15,Snowy,1,16.2,Winter
2022-09-30,S001,P0125,Clothing,West,154,86,82,110.12,61.53,0,Sunny,0,61.49,Autumn
2022-01-02,S005,P0129,Furniture,West,199,126,104,134.17,67.4,10,Rainy,1,73.11,Winter
2022-09-04,S004,P0096,Toys,East,166,72,75,77.31,43.64,0,Rainy,0,40.36,Autumn
2023-10-11,S004,P0061,Clothing,West,136,89,84,97.96,65.71,0,Snowy,0,64.37,Autumn
2023-06-13,S003,P0149,Furniture,East,112,53,52,60.76,59.3,5,Snowy,0,57.1,Summer
2023-11-30,S003,P0070,Electronics,North,135,47,42,67.8,51.14,5,Rainy,1,54.48,Winter
2023-12-21,S002,P0070,Electronics,West,140,74,72,90.18,38.86,10,Snowy,0,35.08,Winter
2022-02-01,S004,P0183,Electronics,West,146,114,107,105.59,38.66,0,Cloudy,1,37.99,Winter
2022-02-23,S001,P0069,Clothing,South,159,148,122,156.56,89.56,0,Sunny,0,94.81,Winter
2022-08-23,S004,P0166,Groceries,South,160,114,125,104.63,27.78,0,Cloudy,0,30.52,Autumn
2023-10-05,S005,P0083,Toys,North,168,111,119,132.4,21.06,5,Cloudy,0,22.39,Autumn
2022-01-04,S002,P0183,Electronics,West,206,104,110,135.6,61.88,10,Snowy,0,67.7,Winter
2022-12-15,S002,P0178,Clothing,South,147,123,98,141.15,25.86,10,Cloudy,0,28.39,Winter
2023-01-15,S003,P0083,Toys,North,156,62,71,78.67,65.01,0,Sunny,0,58.63,Winter
2023-01-15,S005,P0085,Electronics,West,135,111,92,120.32,94.53,5,Rainy,0,88.79,Winter
2023-06-26,S005,P0125,Clothing,West,147,92,94,112.23,69.77,10,Cloudy,0,70.97,Summer
2022-07-03,S005,P0061,Clothing,South,147,130,106,145.87,71.68,0,Rainy,0,70.94,Summer
2022-07-12,S003,P0070,Electronics,North,218,108,126,122.13,46.88,0,Cloudy,0,46.13,Summer
2023-04-28,S002,P0017,Toys,West,131,94,76,95.06,20.01,15,Sunny,0,19.01,Spring
2022-06-12,S002,P0069,Clothing,North,165,91,87,112.95,94.29,10,Sunny,0,99.76,Summer
2023-04-26,S003,P0171,Electronics,East,146,103,122,117.61,70.73,20,Sunny,0,75.09,Spring
2022-06-18,S005,P0171,Electronics,East,107,107,102,97.95,86.11,5,Snowy,0,90.57,Summer
2022-09-07,S002,P0069,Clothing,West,100,66,70,91.71,76.66,5,Rainy,0,83.82,Autumn
2023-03-24,S002,P0017,Toys,North,151,100,107,102.59,73.98,10,Sunny,0,76.59,Spring
2022-02-12,S001,P0133,Clothing,South,187,153,159,164.31,86.86,5,Snowy,1,90.98,Winter
2023-03-12,S005,P0061,Clothing,North,166,113,134,121.16,87.51,0,Snowy,0,94.0,Spring
2022-02-20,S004,P0067,Furniture,South,115,83,92,105.26,31.25,15,Snowy,0,29.51,Winter
2022-11-22,S002,P0085,Electronics,South,69,62,54,68.32,63.34,0,Snowy,0,67.46,Winter
2023-12-11,S005,P0066,Clothing,North,83,102,83,119.09,92.72,10,Snowy,0,94.76,Winter
2023-08-26,S003,P0083,Toys,South,162,118,112,132.1,64.01,0,Snowy,0,66.42,Autumn
2022-06-09,S002,P0067,Furniture,North,99,49,53,68.36,54.09,10,Cloudy,0,55.81,Summer
2023-02-05,S002,P0183,Electronics,North,56,68,54,95.87,27.68,0,Sunny,0,26.37,Winter
2023-07-23,S005,P0046,Clothing,East,193,91,99,99.41,99.25,0,Snowy,0,107.57,Summer
2022-11-24,S003,P0178,Clothing,West,67,57,60,53.72,96.34,15,Sunny,0,105.01,Winter
2023-03-20,S005,P0096,Toys,East,86,39,33,51.87,50.32,0,Cloudy,0,52.17,Spring
2022-06-02,S005,P0079,Furniture,North,210,119,117,144.76,24.4,15,Cloudy,0,23.09,Summer
2022-04-18,S003,P0069,Clothing,West,130,100,106,94.71,46.88,10,Cloudy,1,48.4,Spring
2023-06-29,S002,P0153,Furniture,South,90,76,74,81.35,27.1,0,Rainy,0,27.85,Summer
2022-03-05,S002,P0031,Electronics,South,160,73,63,84.82,19.09,10,Sunny,0,20.26,Spring
2022-11-25,S005,P0079,Furniture,East,139,114,96,106.04,14.94,0,Rainy,0,15.36,Winter
2022-09-30,S004,P0116,Furniture,North,196,150,153,152.61,87.11,10,Cloudy,1,88.87,Autumn
2023-06-07,S002,P0068,Electronics,South,75,75,60,79.98,10.68,10,Sunny,0,11.41,Summer
2022-05-08,S002,P0126,Clothing,West,134,90,99,83.61,97.72,5,Sunny,0,93.64,Summer
2022-02-02,S003,P0017,Toys,East,134,34,38,40.97,26.27,10,Sunny,0,26.12,Winter
2023-05-21,S004,P0149,Furniture,North,172,89,78,95.52,59.16,0,Rainy,1,53.43,Summer
2022-07-30,S005,P0183,Electronics,West,162,70,72,71.57,92.85,5,Snowy,0,96.37,Summer
2022-02-28,S005,P0017,Toys,West,206,108,117,107.22,74.72,0,Rainy,0,67.63,Winter
2022-08-04,S005,P0178,Clothing,West,125,91,102,118.47,44.81,0,Rainy,0,45.4,Autumn
2022-05-14,S001,P0187,Clothing,East,124,107,111,117.65,27.18,5,Rainy,0,26.88,Summer
2022-01-09,S004,P0126,Clothing,South,175,198,170,228.06,77.48,0,Rainy,0,82.19,Winter
2022-05-23,S004,P0094,Groceries,South,345,227,269,208.73,24.54,0,Snowy,0,25.78,Summer
2023-09-16,S002,P0069,Clothing,South,146,76,78,99.35,27.9,10,Rainy,1,29.75,Autumn
2022-10-11,S001,P0178,Clothing,West,150,116,119,115.71,16.71,20,Snowy,0,17.39,Autumn
2022-09-05,S002,P0178,Clothing,East,172,139,158,139.41,72.85,5,Sunny,0,74.14,Autumn
2022-02-12,S003,P0067,Furniture,South,206,138,137,173.51,33.53,10,Snowy,1,30.2,Winter
2023-01-01,S005,P0066,Clothing,West,135,132,106,164.9,37.5,0,Cloudy,0,38.59,Winter
2023-01-09,S003,P0126,Clothing,East,151,141,141,145.58,16.19,10,Snowy,0,14.66,Winter
2022-10-14,S005,P0057,Clothing,North,71,48,42,48.58,64.16,5,Rainy,0,66.6,Autumn
2022-08-27,S005,P0070,Electronics,South,93,69,61,73.73,73.55,0,Rainy,0,73.55,Autumn
2022-10-31,S004,P0046,Clothing,North,59,52,56,71.45,72.97,10,Snowy,0,77.34,Autumn
2022-11-13,S001,P0057,Clothing,East,130,96,90,100.41,38.8,10,Cloudy,0,35.85,Winter
2023-08-12,S005,P0159,Electronics,West,91,70,68,93.22,32.84,20,Rainy,0,29.8,Autumn
2022-06-24,S001,P0159,Electronics,West,134,106,102,109.82,87.35,15,Rainy,0,82.8,Summer
2023-02-18,S005,P0159,Electronics,South,67,57,60,81.88,22.29,15,Rainy,0,22.43,Winter
2023-12-31,S004,P0094,Groceries,East,136,96,91,136.67,16.84,0,Snowy,0,16.87,Winter
2022-05-06,S004,P0079,Furniture,East,194,148,156,158.11,72.54,20,Snowy,0,68.06,Summer
2022-09-23,S003,P0133,Clothing,South,170,93,104,113.16,58.76,10,Rainy,1,64.47,Autumn
2023-02-02,S004,P0094,Groceries,South,147,61,56,83.79,19.2,5,Rainy,0,19.53,Winter
2023-12-16,S005,P0083,Toys,East,78,83,78,92.61,26.68,0,Cloudy,0,27.52,Winter
2023-01-02,S004,P0178,Clothing,South,193,130,104,122.76,66.18,10,Rainy,0,66.33,Winter
2023-04-09,S005,P0070,Electronics,South,201,98,110,100.58,40.25,10,Snowy,1,41.66,Spring
2022-06-05,S003,P0129,Furniture,North,203,103,117,146.64,52.79,0,Snowy,0,57.4,Summer
2022-08-10,S002,P0166,Groceries,South,177,112,117,116.0,56.71,10,Snowy,0,53.63,Autumn
2022-03-13,S004,P0129,Furniture,West,118,109,87,124.24,20.7,5,Sunny,0,19.37,Spring
2023-12-01,S005,P0133,Clothing,South,200,112,115,127.95,13.07,5,Sunny,0,12.87,Winter
2023-12-14,S004,P0171,Electronics,North,45,12,20,14.2,53.98,10,Cloudy,0,50.59,Winter
2023-04-08,S002,P0085,Electronics,West,143,67,58,92.37,87.67,10,Sunny,0,93.64,Spring
2023-10-28,S002,P0175,Electronics,East,53,36,31,47.16,91.7,20,Sunny,0,93.44,Autumn
2023-09-08,S003,P0126,Clothing,West,146,61,62,73.37,33.48,0,Snowy,0,30.26,Autumn
2023-03-30,S002,P0125,Clothing,North,51,42,46,52.75,27.54,10,Sunny,0,26.49,Spring
2022-12-30,S003,P0133,Clothing,South,197,153,131,168.78,63.88,0,Rainy,0,63.21,Winter
2022-05-31,S004,P0178,Clothing,West,86,97,82,95.04,18.08,5,Rainy,1,19.7,Summer
2022-03-22,S004,P0057,Clothing,South,118,80,67,79.49,10.84,10,Sunny,0,9.88,Spring
2023-04-28,S002,P0068,Electronics,South,128,96,82,130.78,27.16,0,Snowy,0,27.67,Spring
2022-07-23,S004,P0187,Clothing,West,65,30,29,39.36,75.35,0,Cloudy,0,80.81,Summer
2022-08-20,S001,P0149,Furniture,South,141,110,115,111.23,52.71,10,Rainy,0,53.47,Autumn
2023-05-19,S003,P0016,Clothing,North,104,95,86,102.47,54.7,5,Snowy,0,56.11,Summer
2023-03-11,S001,P0159,Electronics,East,129,48,51,45.32,84.34,5,Sunny,0,89.88,Spring
2023-09-10,S005,P0083,Toys,North,155,112,128,158.69,50.88,10,Cloudy,0,48.0,Autumn
2022-11-11,S005,P0126,Clothing,South,258,161,163,203.58,99.0,0,Sunny,1,98.27,Winter
2023-10-31,S005,P0046,Clothing,North,119,76,87,84.23,70.09,0,Rainy,0,69.4,Autumn
2023-08-11,S005,P0096,Toys,South,112,54,57,64.09,70.16,5,Cloudy,0,76.2,Autumn
2023-08-30,S002,P0085,Electronics,North,108,87,77,123.04,34.01,10,Snowy,0,36.2,Autumn
2022-07-22,S002,P0068,Electronics,East,170,95,109,87.51,45.53,10,Rainy,0,49.83,Summer
2022-09-12,S002,P0031,Electronics,West,107,55,49,67.91,92.65,20,Cloudy,0,100.53,Autumn
2023-06-02,S002,P0096,Toys,West,200,100,111,130.33,66.84,10,Snowy,1,73.3,Summer
2022-12-30,S005,P0133,Clothing,North,378,342,280,312.96,25.44,10,Cloudy,0,26.52,Winter
2022-02-21,S003,P0153,Furniture,South,148,105,107,101.07,63.36,0,Cloudy,0,64.05,Winter
2023-10-10,S003,P0031,Electronics,North,178,91,92,89.4,25.44,0,Cloudy,0,23.18,Autumn
2022-04-03,S005,P0094,Groceries,East,139,126,128,134.15,82.21,15,Sunny,0,75.0,Spring
2023-04-03,S003,P0070,Electronics,North,154,82,73,107.06,77.59,10,Rainy,0,74.86,Spring
2022-08-23,S003,P0126,Clothing,North,162,124,140,118.85,34.45,0,Cloudy,0,35.6,Autumn
2023-04-23,S004,P0046,Clothing,East,158,175,149,176.29,41.71,0,Snowy,0,38.04,Spring
2023-10-25,S002,P0079,Furniture,North,98,75,87,96.29,49.49,5,Snowy,0,46.05,Autumn
2023-06-10,S003,P0153,Furniture,North,92,82,83,90.21,50.68,0,Snowy,0,52.49,Summer
2023-03-04,S005,P0067,Furniture,North,229,115,130,140.7,87.3,15,Snowy,0,83.0,Spring
2022-08-10,S005,P0094,Groceries,West,173,138,145,157.83,77.82,15,Snowy,0,78.33,Autumn
2022-09-24,S002,P0187,Clothing,South,127,61,61,66.83,10.45,10,Snowy,0,11.36,Autumn
2023-12-01,S001,P0094,Groceries,West,157,149,151,155.92,94.54,10,Sunny,0,96.44,Winter
2022-01-06,S005,P0070,Electronics,South,181,83,87,89.12,81.51,15,Rainy,0,76.43,Winter
2023-01-06,S004,P0129,Furniture,East,93,69,77,85.76,77.61,15,Rainy,0,70.27,Winter
2022-02-07,S002,P0178,Clothing,East,198,164,159,159.68,50.04,20,Cloudy,0,51.38,Winter
2022-06-14,S002,P0079,Furniture,East,190,100,93,139.59,72.05,10,Cloudy,1,73.14,Summer
2023-07-03,S004,P0183,Electronics,North,142,123,138,123.43,42.24,5,Rainy,1,43.86,Summer
2023-10-15,S002,P0129,Furniture,East,123,86,86,84.06,66.9,10,Sunny,0,67.92,Autumn
2023-11-20,S005,P0031,Electronics,East,161,135,154,127.2,34.46,15,Cloudy,1,35.76,Winter
2022-02-28,S005,P0031,Electronics,East,127,97,92,91.29,57.56,0,Rainy,1,61.51,Winter
2022-05-23,S002,P0094,Groceries,East,158,83,71,112.98,15.05,20,Rainy,0,15.44,Summer
2022-09-02,S003,P0057,Clothing,South,98,58,57,56.34,25.22,20,Snowy,0,26.46,Autumn
2022-10-22,S004,P0175,Electronics,North,99,54,53,72.25,77.01,0,Snowy,0,77.35,Autumn
2023-09-18,S003,P0069,Clothing,West,175,93,111,99.88,58.01,0,Cloudy,0,60.92,Autumn
2022-07-04,S003,P0068,Electronics,East,192,81,93,82.82,30.99,5,Snowy,0,28.5,Summer
2023-12-13,S005,P0116,Furniture,North,187,140,136,139.47,46.61,5,Rainy,0,48.87,Winter
2022-07-20,S002,P0094,Groceries,South,267,176,173,165.77,99.59,10,Rainy,0,92.4,Summer
2023-08-17,S004,P0175,Electronics,West,116,91,82,98.3,28.66,10,Sunny,0,30.65,Autumn
2022-09-15,S002,P0178,Clothing,South,196,141,153,132.97,64.27,5,Cloudy,0,64.4,Autumn
2022-09-09,S003,P0175,Electronics,East,185,106,109,100.11,99.78,0,Snowy,0,109.17,Autumn
2022-10-19,S003,P0068,Electronics,South,113,32,28,30.08,85.68,5,Cloudy,0,88.16,Autumn
2022-04-20,S004,P0017,Toys,North,163,118,99,117.16,48.58,10,Snowy,0,51.8,Spring
2022-06-08,S004,P0079,Furniture,West,146,93,88,85.26,33.82,20,Sunny,1,31.49,Summer
2022-09-23,S004,P0116,Furniture,North,198,130,134,165.37,32.26,10,Sunny,0,32.85,Autumn
2023-02-10,S005,P0166,Groceries,East,107,47,53,43.85,91.38,5,Sunny,0,97.69,Winter
2023-10-04,S001,P0046,Clothing,East,120,92,87,122.29,42.61,10,Sunny,0,44.95,Autumn
2023-06-16,S001,P0046,Clothing,South,58,65,58,82.62,70.91,10,Sunny,0,74.06,Summer
2023-03-09,S003,P0057,Clothing,South,68,58,62,68.13,48.1,0,Sunny,0,52.55,Spring
2022-11-17,S002,P0126,Clothing,East,91,59,69,66.94,90.71,10,Sunny,0,95.04,Winter
2022-09-03,S002,P0079,Furniture,East,80,63,50,84.18,43.37,10,Sunny,0,39.42,Autumn
2023-11-12,S004,P0129,Furniture,South,156,68,58,90.41,92.97,10,Sunny,0,101.17,Winter
2023-02-12,S003,P0171,Electronics,South,136,44,42,45.06,68.66,5,Rainy,0,75.28,Winter
2023-01-10,S004,P0183,Electronics,East,116,83,73,95.46,77.0,10,Sunny,0,73.94,Winter
2022-03-12,S005,P0066,Clothing,West,170,84,94,86.64,24.29,0,Sunny,0,24.47,Spring
2022-05-27,S005,P0178,Clothing,East,143,58,50,61.73,16.14,0,Cloudy,0,16.25,Summer
2022-05-04,S005,P0183,Electronics,East,77,30,27,34.02,23.31,5,Snowy,0,25.16,Summer
2023-11-30,S005,P0061,Clothing,North,177,158,152,188.64,56.28,10,Sunny,0,55.27,Winter
2022-12-25,S002,P0178,Clothing,South,231,171,186,179.21,55.98,15,Sunny,0,59.49,Winter
2022-12-25,S005,P0159,Electronics,East,203,118,138,111.71,91.49,20,Snowy,0,92.78,Winter
2023-11-11,S002,P0079,Furniture,East,117,97,113,135.61,34.33,10,Snowy,0,32.42,Winter
2023-03-06,S005,P0083,Toys,North,194,102,118,106.09,14.74,20,Snowy,0,15.15,Spring
2022-02-22,S003,P0057,Clothing,North,147,77,81,101.28,20.21,15,Snowy,0,22.23,Winter
2023-03-19,S003,P0125,Clothing,West,212,101,113,99.38,36.6,20,Rainy,0,33.09,Spring
2023-09-11,S001,P0133,Clothing,West,188,87,95,88.42,75.62,15,Sunny,0,68.76,Autumn
2023-05-19,S001,P0066,Clothing,West,97,90,93,124.71,70.66,5,Sunny,1,64.12,Summer
2022-07-14,S005,P0079,Furniture,North,174,103,113,94.69,10.81,0,Cloudy,0,11.19,Summer
2022-11-19,S005,P0085,Electronics,East,146,125,122,114.24,25.14,20,Snowy,0,25.97,Winter
2022-12-07,S002,P0031,Electronics,North,98,62,71,88.37,79.01,10,Sunny,0,79.02,Winter
2023-05-06,S004,P0031,Electronics,North,128,69,78,67.91,51.04,0,Rainy,0,53.77,Summer
2022-01-27,S001,P0166,Groceries,South,117,47,54,46.06,99.24,0,Cloudy,0,102.85,Winter
2023-11-13,S005,P0079,Furniture,North,104,88,94,87.18,39.64,5,Sunny,0,39.0,Winter
2022-04-15,S004,P0171,Electronics,North,169,97,110,117.73,36.57,20,Snowy,0,33.17,Spring
2023-10-08,S003,P0125,Clothing,East,181,78,86,79.27,34.32,10,Snowy,0,35.26,Autumn
2022-02-10,S002,P0083,Toys,East,191,121,121,136.34,34.14,5,Sunny,0,32.22,Winter
2023-09-01,S001,P0016,Clothing,North,140,67,64,68.26,42.48,20,Snowy,0,46.53,Autumn
2023-12-23,S005,P0183,Electronics,South,158,128,145,124.86,44.25,5,Snowy,0,48.07,Winter
2022-10-10,S005,P0016,Clothing,West,169,144,136,142.14,36.39,5,Sunny,0,34.67,Autumn
2022-10-19,S001,P0175,Electronics,South,133,103,94,111.58,74.56,0,Snowy,0,74.22,Autumn
2022-06-24,S003,P0129,Furniture,East,200,144,159,181.39,51.78,20,Cloudy,1,52.39,Summer
2023-12-17,S004,P0166,Groceries,East,94,54,51,63.81,37.06,10,Cloudy,0,37.96,Winter
2023-11-03,S003,P0116,Furniture,North,156,79,72,94.25,52.15,5,Cloudy,0,52.21,Winter
2023-04-03,S002,P0133,Clothing,South,200,171,168,168.68,47.59,5,Snowy,0,45.53,Spring
2023-01-23,S001,P0031,Electronics,South,141,72,69,87.28,80.6,10,Rainy,1,81.9,Winter
2022-07-13,S003,P0066,Clothing,North,209,110,128,109.59,69.69,20,Rainy,0,71.28,Summer
2023-01-03,S001,P0178,Clothing,West,171,108,101,120.81,12.5,5,Cloudy,0,13.73,Winter
2022-11-05,S004,P0068,Electronics,South,164,99,80,109.59,92.3,5,Sunny,0,100.8,Winter
2023-09-09,S001,P0083,Toys,East,162,110,127,143.67,97.68,5,Snowy,0,103.42,Autumn
2022-08-13,S003,P0178,Clothing,South,161,115,122,141.21,91.75,20,Sunny,0,89.41,Autumn
2022-01-06,S004,P0057,Clothing,North,155,107,112,147.49,27.23,5,Cloudy,0,26.13,Winter
2023-08-25,S005,P0116,Furniture,South,147,92,94,132.14,33.46,10,Snowy,0,32.6,Autumn
2023-01-22,S004,P0149,Furniture,East,137,110,125,142.41,45.78,20,Cloudy,1,44.54,Winter
2023-01-23,S004,P0057,Clothing,East,255,197,219,220.04,42.33,20,Sunny,0,40.58,Winter
2022-12-31,S001,P0016,Clothing,North,250,201,205,187.84,60.64,5,Snowy,1,56.3,Winter
2022-10-14,S004,P0083,Toys,South,129,94,90,125.89,60.44,5,Sunny,1,59.01,Autumn
2023-09-15,S004,P0061,Clothing,North,142,98,82,120.41,22.96,15,Sunny,0,24.53,Autumn
2022-08-23,S004,P0017,Toys,East,119,98,108,119.27,62.59,15,Snowy,0,68.8,Autumn
2022-03-20,S003,P0016,Clothing,West,195,105,122,147.23,97.37,10,Sunny,0,98.48,Spring
2023-03-06,S003,P0126,Clothing,South,177,139,157,136.09,84.06,0,Rainy,0,77.14,Spring
2023-02-18,S004,P0085,Electronics,West,136,105,101,104.58,14.39,20,Rainy,0,13.04,Winter
2023-12-29,S005,P0094,Groceries,South,166,124,121,126.47,50.15,0,Cloudy,0,46.9,Winter
2023-07-26,S003,P0175,Electronics,West,209,123,127,122.76,21.07,0,Snowy,0,20.91,Summer
2023-09-15,S002,P0133,Clothing,North,47,40,45,58.34,15.36,15,Cloudy,0,14.81,Autumn
2022-12-20,S001,P0183,Electronics,East,79,42,40,60.96,24.5,5,Rainy,0,26.53,Winter
2022-06-30,S005,P0149,Furniture,East,134,52,50,53.95,47.86,10,Snowy,0,48.18,Summer
2022-12-24,S002,P0153,Furniture,North,147,91,90,105.52,55.32,10,Cloudy,0,54.52,Winter
2023-03-03,S003,P0085,Electronics,East,146,134,136,152.95,43.47,15,Rainy,0,39.98,Spring
2022-02-08,S002,P0079,Furniture,West,186,122,135,115.86,59.39,0,Rainy,0,59.86,Winter
2023-10-26,S004,P0126,Clothing,East,105,94,104,131.73,97.9,10,Rainy,0,100.37,Autumn
2022-02-22,S003,P0069,Clothing,East,261,186,185,189.45,56.79,5,Snowy,0,53.76,Winter
2023-06-04,S001,P0129,Furniture,North,151,116,102,108.16,18.32,5,Snowy,0,19.15,Summer
2022-09-12,S003,P0159,Electronics,North,129,52,51,52.64,44.47,0,Rainy,1,40.78,Autumn
2022-10-04,S003,P0068,Electronics,West,112,77,78,71.81,56.73,15,Snowy,0,61.94,Autumn
2023-12-04,S005,P0187,Clothing,South,175,158,171,156.61,84.16,10,Sunny,1,78.16,Winter
2023-09-30,S002,P0183,Electronics,South,107,88,91,90.6,12.77,10,Snowy,0,13.71,Autumn
2022-06-25,S002,P0096,Toys,North,135,45,36,60.52,40.67,10,Rainy,0,41.55,Summer
2022-01-20,S002,P0183,Electronics,West,121,61,53,65.53,98.17,20,Rainy,0,89.28,Winter
2022-12-06,S002,P0178,Clothing,North,124,93,97,104.19,45.43,10,Rainy,0,45.77,Winter
2022-05-03,S002,P0057,Clothing,South,113,36,39,45.56,64.99,10,Snowy,0,69.65,Summer
2022-05-04,S002,P0067,Furniture,East,169,100,97,123.73,52.14,0,Snowy,0,51.71,Summer
2022-04-17,S004,P0069,Clothing,East,151,119,119,131.02,49.86,5,Snowy,0,51.9,Spring
2023-04-17,S005,P0166,Groceries,West,86,67,59,82.79,56.76,0,Rainy,0,56.62,Spring
2022-06-06,S002,P0016,Clothing,North,226,156,179,160.37,12.32,10,Rainy,0,12.1,Summer
2022-12-30,S004,P0159,Electronics,South,128,53,42,65.64,35.52,10,Sunny,0,38.55,Winter
2023-12-05,S003,P0133,Clothing,South,197,153,182,152.64,27.15,5,Cloudy,0,27.71,Winter
2023-09-30,S003,P0153,Furniture,East,169,134,151,132.76,87.38,10,Sunny,0,92.79,Autumn
2023-03-19,S001,P0153,Furniture,West,189,99,102,108.3,31.33,20,Sunny,0,32.16,Spring
2022-03-31,S005,P0166,Groceries,West,54,35,33,46.78,80.17,5,Cloudy,0,73.37,Spring
2022-07-15,S003,P0066,Clothing,North,52,25,27,36.3,42.78,20,Sunny,0,45.41,Summer
2022-04-26,S002,P0178,Clothing,North,81,69,76,65.18,27.37,10,Sunny,0,27.46,Spring
2022-12-14,S003,P0126,Clothing,East,127,48,52,66.67,66.61,5,Rainy,0,67.85,Winter
2022-08-25,S004,P0129,Furniture,West,168,84,79,105.76,26.17,10,Snowy,0,25.14,Autumn
2022-01-09,S004,P0061,Clothing,North,169,94,85,107.47,64.15,0,Snowy,0,61.05,Winter
2023-10-08,S002,P0125,Clothing,South,156,91,103,98.88,76.76,5,Rainy,0,73.01,Autumn
2022-04-13,S002,P0061,Clothing,West,135,62,54,69.37,90.95,0,Cloudy,0,88.25,Spring
2023-05-06,S001,P0057,Clothing,East,83,61,58,64.55,46.64,0,Cloudy,0,43.79,Summer
2022-03-08,S003,P0085,Electronics,East,116,75,65,106.25,93.39,0,Sunny,0,101.94,Spring
2022-04-12,S002,P0057,Clothing,North,100,84,70,110.03,43.17,20,Sunny,0,45.29,Spring
2022-03-05,S004,P0149,Furniture,North,136,141,124,133.06,47.31,15,Rainy,0,45.12,Spring
2022-01-19,S002,P0183,Electronics,North,244,190,205,175.12,39.5,10,Cloudy,0,41.02,Winter
2022-08-02,S001,P0116,Furniture,East,124,96,91,125.25,96.06,5,Cloudy,0,99.59,Autumn
2022-09-06,S002,P0159,Electronics,North,105,100,81,93.66,49.91,0,Sunny,0,45.29,Autumn
2023-06-11,S004,P0057,Clothing,North,156,135,139,158.19,87.55,5,Snowy,0,82.09,Summer
2023-12-20,S002,P0175,Electronics,South,108,52,56,59.83,65.73,10,Rainy,0,60.92,Winter
2023-03-09,S005,P0016,Clothing,East,262,145,168,145.61,63.06,15,Snowy,0,65.91,Spring
2023-09-07,S003,P0187,Clothing,South,157,75,73,89.82,95.88,10,Rainy,0,96.17,Autumn
2023-07-21,S004,P0096,Toys,East,104,77,89,105.32,85.36,10,Sunny,0,90.27,Summer
2023-09-27,S004,P0017,Toys,North,121,100,107,128.44,25.4,0,Snowy,0,22.92,Autumn
2022-08-25,S003,P0178,Clothing,North,108,124,99,115.5,42.63,0,Rainy,0,41.18,Autumn
2023-07-01,S002,P0061,Clothing,West,125,110,120,138.52,53.66,20,Rainy,0,53.72,Summer
2023-12-02,S005,P0070,Electronics,South,91,68,75,79.86,43.1,10,Snowy,0,44.15,Winter
2022-04-08,S003,P0166,Groceries,West,81,26,22,29.49,79.82,15,Snowy,0,80.19,Spring
2023-12-18,S002,P0187,Clothing,South,190,200,161,182.68,52.2,10,Sunny,0,48.9,Winter
2023-04-21,S005,P0017,Toys,North,69,73,61,95.28,16.07,20,Rainy,1,17.4,Spring
2023-12-12,S005,P0057,Clothing,South,140,54,53,61.83,73.7,15,Rainy,0,71.38,Winter
2022-06-28,S002,P0057,Clothing,South,123,78,90,83.24,24.4,15,Sunny,0,24.83,Summer
2023-05-03,S002,P0159,Electronics,North,141,79,80,85.74,68.0,15,Rainy,0,70.62,Summer
2023-10-25,S002,P0159,Electronics,East,169,149,132,138.31,88.14,0,Snowy,1,93.57,Autumn
2022-03-23,S001,P0159,Electronics,East,174,73,77,79.79,18.96,0,Cloudy,0,19.94,Spring
2023-03-31,S003,P0069,Clothing,East,153,103,93,108.58,82.21,10,Sunny,0,86.02,Spring
2022-08-19,S001,P0061,Clothing,West,141,100,116,106.72,89.85,15,Snowy,0,93.5,Autumn
2023-11-17,S002,P0133,Clothing,West,197,232,189,231.28,29.34,0,Rainy,0,27.73,Winter
2022-06-05,S003,P0068,Electronics,North,79,48,48,66.56,22.82,10,Snowy,0,25.07,Summer
2023-08-20,S005,P0175,Electronics,North,241,156,183,166.39,47.39,5,Sunny,1,49.36,Autumn
2023-11-17,S003,P0178,Clothing,North,158,104,89,121.41,76.7,10,Snowy,1,72.95,Winter
2023-09-09,S003,P0061,Clothing,East,131,48,43,67.36,61.14,0,Rainy,0,61.0,Autumn
2022-09-13,S003,P0125,Clothing,West,149,89,81,85.75,33.46,5,Rainy,0,30.49,Autumn
2022-09-09,S001,P0178,Clothing,East,144,118,99,131.66,12.05,10,Rainy,1,11.77,Autumn
2023-09-01,S005,P0166,Groceries,East,176,74,77,79.18,85.5,5,Rainy,0,93.35,Autumn
2023-04-10,S005,P0178,Clothing,South,129,47,40,52.21,62.02,0,Rainy,0,63.13,Spring
2022-07-24,S001,P0116,Furniture,North,196,99,105,112.46,58.75,5,Rainy,0,60.97,Summer
2023-11-21,S004,P0083,Toys,South,133,113,93,107.83,16.92,5,Cloudy,0,17.01,Winter
2022-05-01,S004,P0057,Clothing,North,113,14,20,18.15,27.23,5,Sunny,0,29.38,Summer
2023-04-28,S002,P0070,Electronics,South,43,39,33,48.59,68.95,0,Snowy,1,69.4,Spring
2022-05-21,S003,P0031,Electronics,North,123,80,86,75.21,32.61,0,Snowy,0,31.62,Summer
2023-12-26,S003,P0067,Furniture,South,199,109,106,118.78,32.34,20,Cloudy,0,30.16,Winter
2022-08-17,S001,P0116,Furniture,East,135,98,110,89.9,20.03,15,Rainy,0,19.38,Autumn
2023-10-25,S002,P0166,Groceries,North,229,131,144,158.36,60.66,0,Rainy,1,59.41,Autumn
2022-07-08,S004,P0031,Electronics,South,221,133,138,121.94,79.36,15,Rainy,0,77.46,Summer
2023-07-29,S003,P0183,Electronics,North,194,97,109,103.49,22.89,0,Cloudy,0,23.33,Summer
2022-08-27,S002,P0149,Furniture,South,170,109,90,120.12,10.94,10,Snowy,0,10.86,Autumn
2023-12-06,S001,P0016,Clothing,South,232,141,152,201.46,45.38,0,Snowy,0,49.11,Winter
2022-07-10,S004,P0183,Electronics,North,242,128,144,122.17,18.33,0,Rainy,0,19.93,Summer
2022-09-26,S002,P0171,Electronics,South,168,87,96,80.94,67.08,10,Rainy,0,60.96,Autumn
2023-09-20,S003,P0166,Groceries,West,130,91,89,107.73,17.45,5,Rainy,0,17.65,Autumn
2023-09-28,S003,P0031,Electronics,East,161,91,78,91.99,82.69,0,Snowy,1,75.75,Autumn
2023-01-29,S002,P0149,Furniture,North,190,94,91,99.94,56.94,15,Rainy,0,58.76,Winter
2023-11-30,S001,P0178,Clothing,North,184,181,150,166.27,33.4,5,Cloudy,0,36.59,Winter
2022-03-25,S001,P0133,Clothing,West,123,123,104,123.64,97.98,15,Snowy,0,94.34,Spring
2022-11-30,S003,P0016,Clothing,North,119,135,111,191.23,93.04,5,Snowy,1,85.43,Winter
2023-03-26,S001,P0085,Electronics,South,154,89,104,101.89,76.36,10,Snowy,0,68.99,Spring
2022-02-24,S005,P0178,Clothing,East,197,136,123,152.02,35.26,5,Cloudy,0,37.13,Winter
2023-05-27,S004,P0187,Clothing,South,86,59,66,71.64,36.76,0,Rainy,0,34.4,Summer
2022-08-23,S001,P0079,Furniture,South,175,117,138,132.04,38.38,0,Snowy,0,41.71,Autumn
2022-11-22,S003,P0017,Toys,North,158,137,112,140.51,92.51,5,Rainy,0,93.74,Winter
2023-06-16,S004,P0116,Furniture,North,89,47,46,51.83,57.17,5,Sunny,0,52.98,Summer
2022-06-28,S003,P0046,Clothing,West,205,117,118,118.09,34.72,10,Rainy,0,31.34,Summer
2023-09-30,S004,P0187,Clothing,South,181,91,90,127.86,67.26,5,Cloudy,0,62.5,Autumn
2023-06-15,S004,P0183,Electronics,West,158,134,116,135.87,19.21,20,Cloudy,0,20.35,Summer
2023-08-23,S001,P0153,Furniture,East,127,127,113,122.11,19.93,5,Sunny,0,21.53,Autumn
2023-01-05,S005,P0068,Electronics,West,130,72,81,77.46,36.99,0,Sunny,1,38.47,Winter
2022-10-09,S004,P0066,Clothing,North,115,81,88,95.34,23.6,5,Cloudy,0,21.68,Autumn
2023-10-27,S001,P0149,Furniture,North,145,122,111,112.63,82.29,20,Cloudy,0,81.82,Autumn
2022-06-11,S001,P0153,Furniture,East,132,77,62,101.07,86.06,5,Sunny,0,94.12,Summer
2023-06-08,S003,P0016,Clothing,West,224,143,166,196.31,17.7,20,Snowy,0,17.98,Summer
2023-04-26,S002,P0153,Furniture,South,121,77,92,80.17,88.82,0,Cloudy,1,90.3,Spring
2023-03-31,S003,P0046,Clothing,South,191,131,141,127.95,86.05,10,Sunny,0,82.56,Spring
2022-11-28,S005,P0153,Furniture,South,156,126,128,138.86,88.77,5,Rainy,0,92.27,Winter
2023-11-14,S002,P0083,Toys,South,214,119,123,125.19,44.32,15,Rainy,1,42.96,Winter
2023-06-10,S001,P0133,Clothing,West,175,96,77,121.85,88.8,15,Cloudy,0,92.44,Summer
2022-05-10,S001,P0187,Clothing,South,132,104,123,120.59,42.7,10,Cloudy,0,39.5,Summer
2022-11-29,S002,P0133,Clothing,South,203,154,146,163.22,19.31,0,Rainy,0,19.6,Winter
2023-03-08,S002,P0178,Clothing,South,155,77,67,71.47,62.24,15,Cloudy,0,67.72,Spring
2023-04-03,S002,P0070,Electronics,East,121,35,40,42.42,11.99,0,Snowy,0,13.1,Spring
2023-08-13,S001,P0187,Clothing,North,80,65,65,91.75,18.1,5,Cloudy,0,17.17,Autumn
2023-08-05,S005,P0061,Clothing,East,143,85,77,109.86,30.98,0,Rainy,0,29.49,Autumn
2022-06-04,S001,P0016,Clothing,North,169,113,123,143.94,12.62,10,Rainy,0,12.98,Summer
2022-03-12,S004,P0171,Electronics,West,141,104,112,117.27,30.65,0,Sunny,0,31.34,Spring
2023-02-16,S001,P0094,Groceries,East,163,97,86,95.21,62.19,10,Snowy,0,67.96,Winter
2023-01-01,S002,P0046,Clothing,South,143,88,98,86.95,63.07,0,Cloudy,0,67.74,Winter
2022-04-18,S004,P0079,Furniture,North,177,80,88,114.22,98.49,0,Sunny,0,104.37,Spring
2022-04-10,S003,P0066,Clothing,North,63,71,63,83.71,11.8,5,Snowy,0,12.23,Spring
2022-05-01,S002,P0066,Clothing,East,165,98,101,130.36,79.65,0,Sunny,0,76.81,Summer
2023-02-20,S002,P0125,Clothing,North,202,146,148,163.83,10.18,10,Sunny,0,10.24,Winter
2023-05-09,S002,P0016,Clothing,West,131,58,68,58.29,69.6,5,Snowy,0,64.82,Summer
2022-04-23,S001,P0094,Groceries,South,176,95,105,130.68,22.24,0,Cloudy,1,23.82,Spring
2023-11-01,S004,P0171,Electronics,South,128,96,84,91.26,72.28,0,Rainy,0,78.94,Winter
2022-11-28,S002,P0031,Electronics,North,153,148,147,137.15,64.4,5,Rainy,0,66.7,Winter
2023-04-02,S002,P0187,Clothing,East,194,112,98,141.3,28.04,10,Snowy,0,30.71,Spring
2022-07-25,S001,P0083,Toys,West,90,51,52,61.28,99.51,0,Rainy,0,92.86,Summer
2023-12-06,S005,P0061,Clothing,West,144,117,104,148.54,20.9,0,Cloudy,0,20.95,Winter
2022-02-10,S005,P0083,Toys,North,147,113,112,143.68,59.53,0,Snowy,0,64.93,Winter
2022-07-24,S002,P0153,Furniture,North,99,87,80,98.84,86.51,0,Rainy,0,91.73,Summer
2023-04-02,S005,P0066,Clothing,West,146,78,88,86.37,14.98,15,Snowy,1,14.75,Spring
2023-08-14,S002,P0183,Electronics,East,55,52,43,69.01,31.49,10,Rainy,0,30.32,Autumn
2022-03-08,S001,P0061,Clothing,North,93,64,60,73.33,84.99,10,Cloudy,0,90.71,Spring
2023-04-06,S002,P0070,Electronics,East,101,52,60,49.23,34.4,0,Snowy,0,36.62,Spring
2023-08-25,S005,P0069,Clothing,South,120,57,54,67.73,23.94,0,Snowy,0,26.08,Autumn
2023-12-23,S002,P0061,Clothing,North,235,150,140,182.29,51.85,15,Snowy,0,49.19,Winter
2023-11-24,S003,P0133,Clothing,East,110,89,97,115.25,99.65,20,Snowy,0,91.75,Winter
2022-03-06,S002,P0183,Electronics,North,157,91,83,105.9,49.17,0,Snowy,0,46.5,Spring
2022-09-02,S002,P0153,Furniture,South,194,127,109,120.22,81.7,0,Sunny,0,86.62,Autumn
2022-12-16,S002,P0031,Electronics,South,90,73,70,102.82,63.11,0,Cloudy,0,65.06,Winter
2022-09-09,S005,P0183,Electronics,North,215,172,153,161.02,40.43,5,Sunny,1,39.05,Autumn
2023-11-27,S004,P0068,Electronics,South,85,63,68,59.8,59.11,0,Sunny,0,63.81,Winter
2022-08-22,S003,P0031,Electronics,East,156,81,97,92.85,93.55,5,Cloudy,0,93.72,Autumn
2023-06-02,S005,P0067,Furniture,South,114,67,64,92.47,72.09,20,Rainy,0,68.91,Summer
2022-08-07,S004,P0066,Clothing,West,62,39,42,56.18,32.97,10,Rainy,0,32.49,Autumn
2023-08-13,S004,P0068,Electronics,West,74,82,72,115.35,91.21,15,Rainy,1,97.89,Autumn
2022-04-30,S005,P0066,Clothing,South,73,75,71,90.88,45.93,0,Sunny,0,42.78,Spring
2022-12-02,S003,P0116,Furniture,South,66,71,64,82.15,91.56,10,Cloudy,0,92.71,Winter
2022-11-28,S003,P0125,Clothing,West,203,129,134,146.21,47.8,0,Rainy,0,44.09,Winter
2023-11-09,S002,P0116,Furniture,West,148,99,114,95.84,62.91,10,Cloudy,0,64.87,Winter
2022-04-15,S004,P0066,Clothing,North,128,116,106,157.75,65.84,0,Cloudy,0,65.96,Spring
2023-02-21,S005,P0171,Electronics,South,159,78,93,86.5,95.28,5,Cloudy,0,86.34,Winter
2023-04-07,S004,P0171,Electronics,East,124,85,91,120.31,74.75,10,Sunny,0,68.44,Spring
2022-04-22,S002,P0187,Clothing,West,207,95,111,107.57,84.6,5,Sunny,0,91.09,Spring
2023-12-16,S004,P0094,Groceries,West,142,47,55,64.85,87.66,15,Sunny,0,89.48,Winter
2023-01-23,S003,P0178,Clothing,West,121,124,111,115.16,46.78,5,Snowy,0,46.9,Winter
2022-04-21,S001,P0149,Furniture,South,223,142,149,135.84,36.58,15,Rainy,0,34.61,Spring
2023-02-26,S002,P0031,Electronics,East,226,118,140,123.82,90.79,10,Snowy,0,98.93,Winter
2023-10-15,S004,P0094,Groceries,East,149,122,138,171.31,76.21,10,Snowy,0,82.53,Autumn
2022-11-04,S003,P0068,Electronics,West,145,82,67,113.8,63.74,0,Rainy,0,57.94,Winter
2022-05-02,S004,P0016,Clothing,North,135,105,96,141.51,20.14,10,Sunny,1,21.42,Summer
2023-06-14,S001,P0046,Clothing,North,157,118,132,119.63,16.48,15,Snowy,0,17.98,Summer
2023-07-09,S001,P0126,Clothing,West,119,65,67,63.77,17.53,10,Snowy,0,19.01,Summer
2022-04-30,S005,P0067,Furniture,West,104,48,51,53.67,38.96,10,Cloudy,0,38.58,Spring
2023-03-08,S004,P0096,Toys,West,214,113,123,123.08,66.62,0,Sunny,0,73.03,Spring
2023-08-28,S003,P0126,Clothing,East,118,120,102,123.7,24.74,5,Snowy,0,26.32,Autumn
2022-09-20,S004,P0085,Electronics,South,107,80,81,115.19,51.55,5,Sunny,1,46.48,Autumn
2022-04-09,S001,P0133,Clothing,East,99,86,79,78.9,74.32,15,Snowy,0,74.31,Spring
2023-01-09,S002,P0016,Clothing,West,287,185,219,180.37,84.27,20,Rainy,0,86.83,Winter
2022-12-02,S002,P0183,Electronics,West,159,75,82,78.06,54.3,20,Snowy,0,54.27,Winter
2023-04-29,S004,P0166,Groceries,North,103,99,98,121.42,73.14,10,Sunny,0,66.72,Spring
2023-08-02,S005,P0166,Groceries,South,140,55,51,73.77,56.75,15,Rainy,0,52.19,Autumn
2022-12-10,S004,P0166,Groceries,East,116,98,87,92.46,35.51,10,Snowy,0,37.66,Winter
2022-03-26,S002,P0159,Electronics,East,104,70,56,70.34,40.12,0,Cloudy,0,42.81,Spring
2022-03-10,S001,P0187,Clothing,North,188,118,108,121.15,68.86,5,Cloudy,0,66.58,Spring
2022-04-28,S003,P0067,Furniture,South,156,78,64,85.94,16.56,0,Sunny,0,18.07,Spring
2022-11-26,S004,P0083,Toys,South,136,87,96,99.95,93.27,5,Snowy,0,98.94,Winter
2022-05-09,S003,P0079,Furniture,East,147,69,82,86.33,63.35,0,Cloudy,0,60.28,Summer
2023-03-17,S002,P0046,Clothing,North,123,110,102,125.56,41.03,15,Snowy,0,43.07,Spring
2023-02-18,S001,P0079,Furniture,West,121,107,89,144.9,44.37,10,Cloudy,0,47.25,Winter
2023-01-08,S001,P0070,Electronics,North,159,77,61,80.61,55.39,10,Snowy,0,59.16,Winter
2023-08-15,S005,P0085,Electronics,South,150,66,57,86.28,57.12,10,Cloudy,0,51.47,Autumn
2023-01-27,S005,P0061,Clothing,South,192,208,175,209.47,60.08,0,Cloudy,0,56.53,Winter
2022-04-23,S004,P0116,Furniture,North,254,150,166,148.48,69.01,0,Cloudy,0,71.2,Spring
2023-06-07,S005,P0116,Furniture,East,143,112,94,124.71,44.17,0,Snowy,0,41.65,Summer
2022-01-08,S002,P0183,Electronics,West,143,64,59,78.52,64.11,20,Sunny,0,64.81,Winter
2022-02-08,S003,P0070,Electronics,South,171,94,89,87.78,37.67,10,Sunny,0,40.63,Winter
2022-08-29,S002,P0094,Groceries,North,130,108,119,110.63,35.94,0,Cloudy,0,32.36,Autumn
2022-02-23,S003,P0066,Clothing,North,137,73,73,81.95,12.82,15,Sunny,1,12.06,Winter
2022-03-22,S003,P0183,Electronics,West,167,83,72,111.07,94.69,15,Sunny,0,94.89,Spring
2022-08-13,S004,P0066,Clothing,South,173,93,94,121.45,50.52,0,Sunny,0,48.77,Autumn
2022-07-17,S004,P0171,Electronics,West,76,54,43,51.41,52.03,0,Snowy,0,49.5,Summer
2023-05-18,S001,P0061,Clothing,East,73,66,66,84.78,78.57,10,Rainy,0,73.05,Summer
2023-01-14,S002,P0061,Clothing,East,163,118,98,152.75,26.74,5,Cloudy,0,25.2,Winter
2023-11-14,S005,P0187,Clothing,North,227,147,135,153.01,36.52,0,Sunny,0,35.48,Winter
2023-12-14,S001,P0068,Electronics,South,151,65,72,64.96,37.17,15,Rainy,0,36.57,Winter
2022-01-28,S005,P0061,Clothing,North,184,121,107,152.73,67.71,5,Sunny,0,69.89,Winter
2022-06-18,S005,P0070,Electronics,East,102,88,85,88.35,13.27,0,Sunny,0,14.5,Summer
2023-02-09,S005,P0017,Toys,West,126,61,69,75.77,72.32,5,Snowy,0,65.52,Winter
2023-08-17,S005,P0046,Clothing,South,102,71,58,95.5,61.07,15,Snowy,0,58.46,Autumn
2023-07-03,S004,P0129,Furniture,South,187,116,95,129.97,15.92,5,Cloudy,0,16.39,Summer
2022-04-26,S002,P0094,Groceries,South,194,101,99,130.06,88.71,20,Rainy,0,94.54,Spring
2023-12-12,S005,P0094,Groceries,East,97,69,76,78.17,27.48,10,Rainy,0,29.74,Winter
2022-09-22,S004,P0066,Clothing,North,92,78,85,101.24,51.8,5,Rainy,0,50.54,Autumn
2023-08-04,S005,P0116,Furniture,West,80,61,70,74.65,46.81,0,Cloudy,0,43.91,Autumn
2023-03-07,S004,P0159,Electronics,South,161,99,108,96.78,72.31,15,Rainy,0,79.21,Spring
2022-06-24,S001,P0149,Furniture,North,126,100,104,106.3,25.59,5,Cloudy,0,26.12,Summer
2022-11-09,S002,P0085,Electronics,North,171,93,86,109.24,85.43,5,Cloudy,1,78.4,Winter
2023-02-06,S002,P0171,Electronics,West,108,84,99,116.6,30.87,15,Sunny,0,31.85,Winter
2022-04-27,S002,P0066,Clothing,West,88,66,73,80.78,76.98,10,Snowy,0,73.98,Spring
2023-05-12,S002,P0069,Clothing,North,90,29,26,38.37,37.52,10,Snowy,0,34.92,Summer
2022-07-25,S002,P0171,Electronics,West,124,87,90,85.83,97.89,0,Rainy,0,107.55,Summer
2022-09-25,S005,P0016,Clothing,South,145,143,137,144.86,56.66,0,Snowy,0,55.99,Autumn
2023-05-30,S001,P0116,Furniture,South,193,111,101,156.5,12.48,10,Rainy,0,11.4,Summer
2022-09-12,S005,P0175,Electronics,South,122,83,84,109.34,39.43,20,Snowy,0,37.57,Autumn
2023-10-18,S001,P0069,Clothing,West,166,86,93,97.65,66.69,10,Rainy,0,72.71,Autumn
2023-05-26,S002,P0083,Toys,North,146,57,54,73.98,47.09,20,Rainy,0,43.2,Summer
2022-01-11,S003,P0067,Furniture,West,115,126,108,127.68,15.47,10,Snowy,0,15.02,Winter
2023-08-15,S004,P0085,Electronics,East,185,106,95,121.94,72.87,10,Sunny,0,78.94,Autumn
2022-10-12,S003,P0094,Groceries,North,216,149,119,136.42,33.55,20,Sunny,0,31.91,Autumn
2023-12-29,S002,P0126,Clothing,North,137,90,107,103.76,82.51,0,Rainy,0,80.38,Winter
2023-05-12,S001,P0116,Furniture,North,107,75,81,88.6,88.94,15,Cloudy,0,94.32,Summer
2022-12-20,S003,P0125,Clothing,East,119,93,97,112.2,65.19,0,Cloudy,0,64.76,Winter
2022-07-05,S005,P0031,Electronics,North,139,103,119,110.08,87.25,15,Sunny,0,78.63,Summer
2022-06-12,S003,P0061,Clothing,North,92,61,60,78.96,19.22,10,Cloudy,0,20.95,Summer
2023-10-29,S003,P0046,Clothing,South,157,83,71,97.52,79.02,0,Snowy,0,83.38,Autumn
2022-08-21,S001,P0159,Electronics,West,149,66,55,91.69,79.43,10,Rainy,0,78.49,Autumn
2023-05-17,S001,P0083,Toys,East,106,55,45,69.19,19.23,10,Cloudy,1,19.03,Summer
2022-08-03,S003,P0126,Clothing,West,124,68,61,96.05,77.6,5,Cloudy,0,75.46,Autumn
2022-11-17,S002,P0070,Electronics,South,103,61,59,82.74,41.97,5,Cloudy,0,39.78,Winter
2023-12-13,S002,P0057,Clothing,North,153,138,129,161.15,47.09,10,Cloudy,0,46.45,Winter
2023-12-01,S004,P0126,Clothing,East,201,183,190,170.25,67.24,0,Rainy,0,73.17,Winter
2022-10-23,S001,P0125,Clothing,East,89,75,75,100.6,54.25,10,Snowy,0,51.3,Autumn
2022-03-20,S002,P0057,Clothing,West,137,103,116,94.09,31.06,0,Cloudy,0,31.37,Spring
2023-11-21,S002,P0159,Electronics,North,177,122,97,138.42,77.57,5,Snowy,1,79.67,Winter
2022-04-18,S003,P0016,Clothing,West,127,39,41,52.66,42.76,10,Snowy,0,46.59,Spring
2022-12-22,S004,P0133,Clothing,East,244,232,188,227.35,60.65,10,Snowy,0,58.76,Winter
2022-02-06,S001,P0126,Clothing,South,91,85,68,83.74,35.11,0,Cloudy,0,33.35,Winter
2022-08-01,S003,P0126,Clothing,East,145,124,117,121.24,64.15,5,Snowy,1,63.39,Autumn
2023-03-26,S001,P0171,Electronics,South,128,87,73,102.26,14.49,5,Snowy,0,14.04,Spring
2023-02-04,S003,P0178,Clothing,North,173,163,137,188.85,27.93,5,Sunny,0,26.64,Winter
2022-05-06,S002,P0116,Furniture,North,82,73,70,89.44,98.35,0,Snowy,0,105.94,Summer
2022-01-13,S001,P0171,Electronics,North,100,102,95,129.44,91.76,0,Sunny,0,83.35,Winter
2022-09-30,S003,P0061,Clothing,West,104,95,80,128.39,12.25,10,Snowy,0,13.06,Autumn
2023-05-01,S001,P0079,Furniture,South,96,85,89,120.42,17.7,0,Rainy,0,17.56,Summer
2023-04-06,S005,P0171,Electronics,East,141,135,117,126.72,24.86,20,Sunny,0,24.82,Spring
2022-10-19,S002,P0079,Furniture,East,81,62,58,79.38,13.75,20,Sunny,0,13.26,Autumn
2023-08-11,S004,P0129,Furniture,North,181,87,102,94.93,68.4,5,Rainy,1,64.23,Autumn
2023-05-05,S002,P0068,Electronics,West,200,140,126,142.04,93.31,15,Snowy,0,93.52,Summer
2023-03-29,S001,P0096,Toys,South,208,115,109,127.93,78.9,10,Sunny,1,84.28,Spring
2022-01-17,S004,P0116,Furniture,South,210,132,132,136.0,87.82,10,Cloudy,0,84.32,Winter
2022-11-28,S004,P0094,Groceries,North,149,94,80,90.57,95.82,0,Cloudy,0,102.29,Winter
2023-09-18,S005,P0153,Furniture,East,109,30,28,41.8,31.1,5,Rainy,0,33.72,Autumn
2023-05-31,S005,P0171,Electronics,North,115,61,50,57.17,19.19,0,Cloudy,1,17.81,Summer
2022-10-28,S005,P0183,Electronics,South,161,79,92,77.05,65.89,15,Rainy,0,66.4,Autumn
2023-08-27,S005,P0171,Electronics,South,196,127,107,157.56,49.51,15,Cloudy,0,46.84,Autumn
2023-10-18,S005,P0178,Clothing,North,129,108,93,108.45,20.06,5,Snowy,0,20.56,Autumn
2022-01-27,S001,P0178,Clothing,South,188,165,158,157.11,36.91,5,Snowy,0,34.97,Winter
2023-02-07,S003,P0129,Furniture,East,130,81,67,107.56,94.03,10,Rainy,0,94.38,Winter
2023-04-22,S002,P0057,Clothing,North,30,31,25,41.88,34.53,0,Cloudy,0,35.89,Spring
2022-12-20,S003,P0031,Electronics,North,75,72,62,89.43,67.12,0,Sunny,0,63.04,Winter
2022-01-01,S002,P0116,Furniture,South,182,109,101,129.12,23.27,5,Rainy,0,22.09,Winter
2022-06-17,S005,P0068,Electronics,West,150,99,80,125.09,41.46,15,Sunny,1,44.63,Summer
2023-09-11,S003,P0069,Clothing,South,98,89,91,108.78,47.67,0,Sunny,1,44.93,Autumn
2022-10-30,S001,P0149,Furniture,North,125,53,52,71.84,80.56,0,Snowy,0,88.25,Autumn
2022-11-01,S004,P0175,Electronics,East,96,75,78,89.25,10.59,0,Rainy,0,10.98,Winter
2023-07-10,S005,P0085,Electronics,East,214,138,146,128.44,72.83,10,Snowy,0,66.06,Summer
2022-09-04,S001,P0061,Clothing,East,168,103,100,134.5,57.32,5,Sunny,0,62.88,Autumn
2023-03-24,S004,P0187,Clothing,East,165,126,123,123.32,28.77,5,Snowy,1,31.31,Spring
2023-05-17,S002,P0031,Electronics,East,207,121,115,144.79,24.31,20,Cloudy,1,26.53,Summer
2022-08-16,S004,P0116,Furniture,East,209,103,111,96.27,57.26,20,Sunny,0,59.25,Autumn
2022-02-14,S005,P0126,Clothing,South,210,131,150,154.83,88.33,10,Sunny,0,85.19,Winter
2022-01-02,S004,P0066,Clothing,West,139,104,87,130.41,44.97,5,Snowy,0,47.44,Winter
2022-06-05,S005,P0159,Electronics,West,173,110,121,105.33,79.94,10,Cloudy,0,87.84,Summer
2022-04-07,S005,P0061,Clothing,North,115,93,90,118.72,75.36,5,Snowy,0,79.64,Spring
2022-02-24,S005,P0046,Clothing,East,230,172,151,221.86,18.26,0,Sunny,1,20.02,Winter
2022-06-01,S001,P0079,Furniture,North,121,88,105,105.32,38.84,0,Cloudy,0,37.65,Summer
2023-12-31,S001,P0183,Electronics,East,180,143,139,147.27,43.58,0,Cloudy,1,46.18,Winter
2022-05-18,S005,P0085,Electronics,South,86,93,75,118.1,65.39,0,Rainy,0,61.18,Summer
2023-12-06,S005,P0083,Toys,South,148,77,84,106.83,33.62,10,Snowy,0,35.83,Winter
2022-01-09,S002,P0085,Electronics,North,107,80,78,95.93,64.03,20,Sunny,0,64.77,Winter
2022-11-26,S004,P0149,Furniture,West,177,71,81,87.26,80.4,0,Rainy,0,79.35,Winter
2023-01-28,S001,P0096,Toys,South,166,79,91,78.39,85.59,5,Sunny,0,88.94,Winter
2022-09-22,S005,P0031,Electronics,South,146,80,80,99.13,86.48,0,Sunny,0,88.46,Autumn
2022-09-23,S003,P0125,Clothing,South,108,46,51,50.77,20.9,10,Cloudy,0,22.36,Autumn
2023-04-29,S004,P0126,Clothing,East,157,114,124,162.45,45.41,5,Sunny,0,46.36,Spring
2022-03-05,S001,P0070,Electronics,North,142,67,73,62.11,20.95,10,Snowy,0,20.66,Spring
2023-11-16,S004,P0057,Clothing,East,153,152,149,203.51,19.31,10,Rainy,1,19.22,Winter
2022-07-21,S002,P0085,Electronics,West,104,75,79,84.87,83.15,5,Rainy,0,86.09,Summer
2022-10-14,S004,P0017,Toys,East,101,86,69,118.14,45.56,10,Rainy,0,42.77,Autumn
2022-07-07,S002,P0057,Clothing,South,154,78,81,110.72,96.41,5,Rainy,0,88.58,Summer
2022-10-10,S004,P0067,Furniture,East,95,65,77,78.84,52.05,20,Snowy,0,50.42,Autumn
2022-09-28,S001,P0094,Groceries,West,231,144,147,135.42,96.91,10,Rainy,0,93.23,Autumn
2023-07-21,S003,P0133,Clothing,North,90,81,72,81.04,73.47,0,Cloudy,0,71.24,Summer
2022-05-30,S005,P0016,Clothing,East,150,64,61,67.98,30.75,10,Rainy,1,31.24,Summer
2023-10-03,S003,P0126,Clothing,North,169,97,92,135.51,45.37,0,Cloudy,0,47.08,Autumn
2023-12-01,S004,P0067,Furniture,East,86,77,78,97.16,26.29,15,Rainy,1,25.59,Winter
2023-03-24,S004,P0069,Clothing,North,116,84,83,93.44,12.41,0,Sunny,0,12.78,Spring
2022-07-19,S001,P0171,Electronics,East,98,89,87,83.17,56.0,5,Snowy,0,54.55,Summer
2023-07-26,S003,P0159,Electronics,East,197,97,99,125.36,72.21,0,Snowy,0,67.59,Summer
2022-01-19,S002,P0116,Furniture,West,193,105,98,105.09,38.55,0,Rainy,0,38.2,Winter
2023-05-15,S004,P0175,Electronics,South,178,127,117,117.64,88.25,0,Rainy,0,82.91,Summer
2022-06-13,S005,P0057,Clothing,South,172,82,89,104.76,94.44,0,Cloudy,0,98.23,Summer
2022-05-21,S005,P0068,Electronics,North,195,115,98,128.36,96.2,0,Rainy,0,95.83,Summer
2023-11-16,S003,P0125,Clothing,North,250,181,177,174.7,79.24,10,Snowy,0,78.38,Winter
2022-12-26,S005,P0166,Groceries,West,143,110,130,155.19,11.68,10,Snowy,0,10.84,Winter
2022-08-19,S005,P0175,Electronics,East,151,72,82,72.07,74.86,5,Rainy,0,78.16,Autumn
2023-10-02,S002,P0061,Clothing,East,125,98,85,100.02,69.74,10,Snowy,0,66.45,Autumn
2022-11-17,S003,P0187,Clothing,East,110,94,98,94.98,97.94,10,Cloudy,0,92.06,Winter
2022-10-16,S001,P0070,Electronics,West,163,76,65,91.24,20.69,0,Snowy,0,18.63,Autumn
2022-01-10,S003,P0125,Clothing,South,179,181,156,164.96,42.88,0,Sunny,1,40.08,Winter
2022-11-19,S004,P0016,Clothing,East,251,157,157,149.57,41.43,5,Sunny,0,38.55,Winter
2022-02-24,S004,P0094,Groceries,West,229,145,172,162.37,83.59,5,Sunny,0,91.44,Winter
2023-01-17,S001,P0070,Electronics,South,99,81,73,84.01,19.74,10,Rainy,0,19.62,Winter
2022-04-27,S003,P0183,Electronics,East,86,66,66,65.91,19.43,5,Sunny,0,21.17,Spring
2022-01-23,S001,P0079,Furniture,South,125,84,80,81.65,90.77,10,Rainy,0,98.26,Winter
2022-05-18,S005,P0016,Clothing,East,196,117,109,149.1,71.07,10,Sunny,1,77.41,Summer
2023-07-18,S001,P0159,Electronics,East,101,88,78,83.78,68.59,5,Sunny,0,74.9,Summer
2023-08-28,S005,P0171,Electronics,West,79,72,77,98.25,97.35,0,Rainy,0,92.72,Autumn
2023-11-14,S004,P0070,Electronics,North,112,100,106,136.8,26.78,10,Snowy,0,27.07,Winter
2023-09-25,S004,P0129,Furniture,North,116,105,89,100.54,79.4,0,Sunny,0,76.92,Autumn
2022-07-02,S005,P0178,Clothing,West,130,99,86,129.84,50.85,10,Rainy,0,45.82,Summer
2022-04-10,S002,P0175,Electronics,West,45,31,35,39.06,44.29,15,Rainy,0,42.91,Spring
2023-03-13,S001,P0183,Electronics,West,110,90,97,115.31,30.77,10,Rainy,0,31.03,Spring
2022-10-09,S001,P0171,Electronics,East,141,109,111,123.31,40.58,0,Sunny,0,37.83,Autumn
2023-06-02,S002,P0149,Furniture,South,142,101,101,136.93,30.78,0,Rainy,0,32.58,Summer
2023-07-16,S001,P0171,Electronics,South,183,99,117,111.39,69.83,20,Cloudy,0,72.48,Summer
2023-08-05,S002,P0187,Clothing,East,141,71,58,88.94,82.4,0,Rainy,0,90.26,Autumn
2022-12-18,S002,P0016,Clothing,South,118,116,105,132.62,36.14,15,Snowy,0,39.23,Winter
2023-06-06,S005,P0129,Furniture,North,80,61,65,79.19,89.19,0,Sunny,0,85.94,Summer
2022-02-16,S003,P0187,Clothing,South,148,104,100,109.57,10.37,0,Sunny,0,10.16,Winter
2023-03-13,S005,P0094,Groceries,South,144,100,99,125.09,16.87,5,Rainy,0,18.21,Spring
2023-01-31,S001,P0096,Toys,North,137,75,85,103.62,13.32,5,Sunny,1,12.47,Winter
2022-01-14,S004,P0096,Toys,East,160,56,65,58.6,32.01,0,Snowy,0,29.62,Winter
2022-07-04,S005,P0017,Toys,North,237,164,196,171.2,35.35,10,Snowy,1,35.03,Summer
2022-08-05,S002,P0016,Clothing,West,124,75,79,71.18,39.95,20,Rainy,0,37.11,Autumn
2023-11-07,S001,P0116,Furniture,South,172,96,80,108.27,56.8,10,Cloudy,0,61.45,Winter
2023-10-07,S002,P0096,Toys,East,61,56,46,53.41,20.12,0,Rainy,1,20.47,Autumn
2022-04-19,S005,P0183,Electronics,West,161,101,97,106.88,86.92,10,Sunny,0,91.55,Spring
2022-02-16,S005,P0096,Toys,North,178,114,119,106.7,36.0,10,Cloudy,0,36.02,Winter
2022-07-10,S003,P0069,Clothing,North,112,119,100,149.77,75.48,0,Rainy,1,72.8,Summer
2023-03-16,S002,P0125,Clothing,West,145,122,145,121.04,37.99,0,Sunny,0,34.5,Spring
2022-11-17,S003,P0083,Toys,West,179,146,155,178.45,24.17,5,Snowy,0,24.75,Winter
2022-12-14,S005,P0066,Clothing,West,124,95,80,135.35,55.68,10,Sunny,0,57.54,Winter
2023-06-17,S005,P0183,Electronics,East,70,58,52,74.81,60.34,0,Cloudy,0,55.42,Summer
2022-05-16,S001,P0175,Electronics,East,39,13,20,18.47,13.45,0,Rainy,0,12.84,Summer
2022-04-22,S005,P0129,Furniture,South,109,110,103,128.15,92.06,10,Rainy,0,85.2,Spring
2023-02-09,S001,P0079,Furniture,South,97,69,65,69.44,97.32,0,Sunny,0,91.56,Winter
2022-09-05,S003,P0116,Furniture,East,144,82,73,76.49,46.55,0,Cloudy,0,43.09,Autumn
2022-12-15,S001,P0133,Clothing,South,135,63,75,63.76,35.41,15,Cloudy,0,37.52,Winter
2022-02-19,S001,P0116,Furniture,East,97,65,66,91.06,66.22,0,Cloudy,0,61.53,Winter
2023-06-26,S002,P0079,Furniture,South,231,155,152,142.66,86.08,5,Cloudy,0,86.93,Summer
2023-10-19,S003,P0085,Electronics,West,161,65,72,90.58,82.84,10,Cloudy,0,83.97,Autumn
2022-09-12,S003,P0129,Furniture,South,103,66,76,87.9,38.44,5,Cloudy,0,39.97,Autumn
2023-11-19,S005,P0096,Toys,South,128,77,89,79.53,48.89,0,Snowy,0,48.7,Winter
2023-02-19,S004,P0166,Groceries,West,52,29,31,33.68,94.48,5,Cloudy,0,103.73,Winter
2023-01-26,S005,P0079,Furniture,South,73,64,59,88.9,74.29,0,Sunny,0,79.32,Winter
2022-06-23,S005,P0133,Clothing,West,98,98,81,95.15,42.69,10,Rainy,0,42.3,Summer
2022-03-18,S005,P0116,Furniture,West,129,62,53,87.08,49.23,10,Rainy,0,46.66,Spring
2023-09-11,S002,P0067,Furniture,East,178,84,93,110.34,97.0,15,Sunny,1,94.84,Autumn
2023-06-09,S003,P0129,Furniture,South,128,76,84,79.03,96.29,10,Rainy,0,100.06,Summer
2022-09-06,S004,P0016,Clothing,West,158,87,72,86.98,28.64,0,Cloudy,0,29.73,Autumn
2023-12-21,S005,P0083,Toys,West,176,95,94,88.14,36.43,10,Cloudy,0,33.2,Winter
2022-06-19,S003,P0175,Electronics,East,69,55,55,53.77,70.38,0,Rainy,0,73.87,Summer
2022-07-11,S001,P0187,Clothing,North,171,95,103,113.67,15.11,5,Cloudy,0,16.5,Summer
2023-03-06,S004,P0133,Clothing,East,104,104,96,108.42,18.44,0,Snowy,0,18.41,Spring
2023-01-25,S001,P0133,Clothing,South,129,98,81,92.89,53.16,5,Snowy,0,52.36,Winter
2023-03-06,S003,P0085,Electronics,West,178,126,125,125.41,60.58,20,Snowy,0,55.88,Spring
2022-02-10,S004,P0125,Clothing,West,177,131,120,159.75,82.97,15,Cloudy,0,90.63,Winter
2023-03-16,S005,P0069,Clothing,North,100,82,78,94.02,40.83,0,Cloudy,0,40.49,Spring
2022-02-09,S001,P0129,Furniture,South,236,193,193,177.24,93.77,5,Snowy,0,95.16,Winter
2023-07-29,S001,P0070,Electronics,South,80,73,69,76.17,67.59,0,Sunny,0,63.73,Summer
2023-04-24,S004,P0068,Electronics,North,149,55,64,76.59,21.53,20,Snowy,0,21.98,Spring
2022-05-16,S002,P0149,Furniture,East,129,118,111,165.54,22.56,20,Cloudy,0,22.45,Summer
2023-05-28,S002,P0171,Electronics,East,114,73,63,97.44,70.81,0,Sunny,0,72.66,Summer
2023-06-01,S004,P0096,Toys,South,238,175,196,164.92,18.52,10,Snowy,1,20.07,Summer
2023-11-27,S004,P0085,Electronics,West,116,81,70,100.74,65.11,0,Rainy,0,68.18,Winter
2022-01-22,S004,P0016,Clothing,North,220,179,170,211.92,53.33,20,Sunny,0,50.2,Winter
2023-06-30,S004,P0125,Clothing,North,152,102,110,128.52,46.32,20,Snowy,0,48.48,Summer
2022-08-05,S005,P0085,Electronics,South,82,82,67,86.88,83.55,15,Rainy,0,87.62,Autumn
2023-03-03,S004,P0175,Electronics,East,149,77,72,81.78,15.52,20,Rainy,0,14.53,Spring
2022-12-08,S001,P0183,Electronics,South,139,84,69,102.84,36.37,20,Cloudy,0,35.82,Winter
2022-03-27,S003,P0178,Clothing,East,113,83,70,90.25,77.25,0,Snowy,0,70.22,Spring
2023-01-01,S001,P0031,Electronics,East,123,106,123,119.34,61.55,0,Snowy,0,64.51,Winter
2022-07-25,S005,P0149,Furniture,North,46,29,23,37.67,72.65,10,Rainy,1,77.66,Summer
2023-07-31,S004,P0133,Clothing,East,178,117,137,121.09,64.74,20,Cloudy,0,67.6,Summer
2023-01-06,S002,P0017,Toys,West,124,96,86,111.83,68.91,5,Snowy,0,71.37,Winter
2023-06-18,S002,P0126,Clothing,North,308,181,212,211.48,78.8,0,Rainy,1,79.03,Summer
2022-07-01,S004,P0017,Toys,North,79,80,74,75.42,80.06,10,Sunny,1,85.02,Summer
2023-05-03,S004,P0094,Groceries,South,98,112,95,124.53,14.11,10,Snowy,0,13.14,Summer
2022-09-19,S002,P0083,Toys,North,129,73,87,78.19,38.94,10,Sunny,0,41.93,Autumn
2022-06-24,S005,P0153,Furniture,West,147,108,88,102.77,62.32,0,Rainy,0,59.6,Summer
2022-01-25,S004,P0017,Toys,East,241,146,145,133.75,63.43,20,Sunny,0,66.16,Winter
2022-01-21,S001,P0068,Electronics,South,88,73,64,83.7,37.28,0,Sunny,0,34.33,Winter
2023-06-03,S002,P0067,Furniture,North,128,79,91,107.52,78.93,5,Cloudy,0,79.47,Summer
2023-01-24,S003,P0017,Toys,North,179,77,88,73.71,33.1,20,Snowy,0,31.76,Winter
2023-09-30,S003,P0178,Clothing,North,203,116,131,126.29,84.0,10,Cloudy,0,89.24,Autumn
2022-01-03,S002,P0166,Groceries,North,106,97,104,107.4,14.27,10,Sunny,0,13.11,Winter
2022-04-29,S005,P0166,Groceries,West,153,84,79,113.94,85.19,0,Rainy,0,82.71,Spring
2023-06-28,S001,P0187,Clothing,East,87,90,84,115.15,43.83,10,Rainy,1,41.52,Summer
2022-05-30,S001,P0094,Groceries,South,129,80,75,92.45,10.84,15,Cloudy,0,10.91,Summer
2023-09-09,S005,P0133,Clothing,East,133,59,48,60.65,50.47,10,Sunny,0,53.93,Autumn
2023-05-25,S005,P0085,Electronics,East,211,140,121,143.73,53.59,5,Snowy,1,49.99,Summer
2022-12-11,S002,P0153,Furniture,East,174,89,101,123.03,46.34,5,Rainy,0,48.16,Winter
2022-04-05,S002,P0069,Clothing,South,111,124,107,127.86,72.08,10,Rainy,0,73.74,Spring
2023-01-27,S005,P0125,Clothing,North,125,117,96,126.94,62.91,5,Snowy,1,64.86,Winter
2023-05-19,S003,P0094,Groceries,West,198,128,109,140.9,54.07,0,Cloudy,1,50.43,Summer
2023-02-22,S001,P0068,Electronics,South,243,164,177,157.38,10.7,10,Cloudy,1,10.36,Winter
2023-05-27,S001,P0175,Electronics,West,84,89,78,88.39,63.28,5,Rainy,0,62.5,Summer
2022-03-08,S002,P0133,Clothing,South,108,120,99,147.22,53.95,10,Snowy,0,54.86,Spring
2022-07-07,S003,P0096,Toys,South,125,109,95,108.3,44.07,5,Snowy,1,48.08,Summer
2022-05-04,S005,P0125,Clothing,North,134,74,75,80.95,29.45,5,Sunny,0,30.97,Summer
2022-12-19,S002,P0079,Furniture,West,92,64,55,65.5,41.1,5,Sunny,0,39.41,Winter
2022-04-24,S002,P0067,Furniture,West,165,126,149,118.0,71.61,0,Rainy,0,64.48,Spring
2023-07-11,S005,P0175,Electronics,North,165,79,79,82.53,93.27,15,Cloudy,0,89.05,Summer
2022-05-27,S001,P0129,Furniture,South,243,172,190,164.4,83.66,0,Rainy,0,86.98,Summer
2023-09-18,S001,P0149,Furniture,East,104,86,68,100.46,47.32,0,Rainy,0,45.61,Autumn
2022-01-04,S002,P0061,Clothing,West,143,42,46,57.71,59.74,10,Snowy,0,57.52,Winter
2023-12-18,S005,P0083,Toys,East,184,124,127,131.94,70.08,0,Rainy,0,64.96,Winter
2023-08-24,S001,P0178,Clothing,North,133,116,132,128.93,96.26,5,Rainy,1,103.48,Autumn
2023-02-15,S002,P0061,Clothing,West,161,127,110,120.82,76.66,0,Sunny,0,70.26,Winter
2023-09-24,S003,P0068,Electronics,North,168,133,138,163.39,79.85,15,Sunny,0,85.12,Autumn
2022-09-10,S003,P0067,Furniture,South,134,120,133,110.32,51.0,0,Rainy,0,55.1,Autumn
2023-05-30,S003,P0057,Clothing,South,155,151,132,145.93,95.74,20,Cloudy,0,101.76,Summer
2023-09-26,S003,P0125,Clothing,East,99,51,53,60.96,18.1,10,Rainy,1,18.83,Autumn
2023-08-31,S004,P0096,Toys,North,157,60,64,62.38,95.83,20,Cloudy,0,89.68,Autumn
2023-09-14,S001,P0178,Clothing,West,181,78,83,90.28,21.86,10,Sunny,0,23.36,Autumn
2022-12-02,S003,P0069,Clothing,East,164,148,152,159.41,61.76,15,Snowy,1,58.08,Winter
2023-05-27,S003,P0116,Furniture,East,193,88,98,106.68,64.07,20,Sunny,0,59.23,Summer
2023-06-06,S001,P0069,Clothing,South,77,23,27,25.0,64.44,5,Snowy,0,63.3,Summer
2023-02-14,S001,P0069,Clothing,West,196,159,144,173.6,69.13,20,Sunny,0,69.58,Winter
2022-04-12,S005,P0079,Furniture,West,94,69,57,83.74,65.49,10,Sunny,0,63.91,Spring
2022-07-16,S002,P0067,Furniture,North,85,44,37,40.45,85.63,5,Sunny,0,88.77,Summer
2022-07-25,S005,P0079,Furniture,North,126,78,87,98.89,35.15,5,Snowy,0,35.08,Summer
2023-01-12,S002,P0061,Clothing,East,231,228,184,241.11,97.14,15,Cloudy,0,100.1,Winter
2023-12-25,S005,P0187,Clothing,South,322,235,270,228.0,37.44,5,Cloudy,0,38.7,Winter
2022-12-09,S004,P0183,Electronics,South,156,51,61,58.73,48.2,0,Sunny,0,52.8,Winter
2023-05-14,S003,P0068,Electronics,South,137,105,105,126.85,66.22,15,Snowy,0,64.5,Summer
2022-06-19,S002,P0069,Clothing,West,191,123,142,118.62,28.83,5,Sunny,0,28.69,Summer
2023-06-30,S003,P0096,Toys,South,161,89,86,95.08,41.87,15,Cloudy,0,38.7,Summer
2023-01-16,S004,P0159,Electronics,East,99,46,55,54.37,62.95,20,Rainy,0,57.97,Winter
2023-07-17,S004,P0061,Clothing,South,139,132,120,150.59,36.2,10,Rainy,1,32.88,Summer
2023-05-17,S002,P0126,Clothing,North,231,123,142,121.6,99.95,10,Rainy,0,96.22,Summer
2023-04-14,S003,P0153,Furniture,South,67,31,35,38.77,68.84,10,Snowy,0,73.9,Spring
2022-05-19,S005,P0166,Groceries,South,182,92,89,108.12,37.72,15,Sunny,0,40.32,Summer
2023-06-13,S004,P0046,Clothing,West,120,50,48,71.7,47.02,0,Snowy,0,49.5,Summer
2022-09-14,S005,P0153,Furniture,East,165,105,85,98.63,32.18,5,Rainy,0,33.14,Autumn
2022-10-19,S001,P0070,Electronics,North,122,97,112,91.94,20.91,0,Snowy,0,21.37,Autumn
2022-01-11,S005,P0178,Clothing,East,181,96,93,98.76,35.79,5,Rainy,0,35.46,Winter
2023-04-18,S004,P0079,Furniture,South,196,142,123,135.0,47.62,10,Cloudy,0,44.02,Spring
2022-10-18,S003,P0094,Groceries,North,128,73,62,83.22,61.56,0,Sunny,0,64.34,Autumn
2022-07-16,S004,P0068,Electronics,South,103,23,23,30.37,68.05,0,Cloudy,0,70.6,Summer
2023-07-12,S005,P0187,Clothing,West,107,85,89,112.56,93.06,15,Sunny,0,91.23,Summer
2023-01-27,S003,P0070,Electronics,North,114,65,73,87.52,86.42,15,Cloudy,0,85.62,Winter
2023-03-17,S001,P0016,Clothing,South,174,103,108,95.9,65.65,20,Sunny,1,65.47,Spring
2023-08-25,S005,P0183,Electronics,West,212,116,122,122.44,69.18,5,Sunny,0,65.47,Autumn
2023-09-23,S001,P0016,Clothing,East,171,85,99,109.32,17.14,0,Sunny,0,15.54,Autumn
2023-12-31,S003,P0066,Clothing,West,217,151,142,168.1,23.25,10,Cloudy,0,21.48,Winter
2023-07-10,S001,P0068,Electronics,North,191,95,98,121.21,21.75,10,Rainy,0,21.77,Summer
2022-11-02,S001,P0116,Furniture,West,125,97,97,93.39,79.09,0,Snowy,0,84.95,Winter
2023-03-02,S005,P0171,Electronics,East,173,80,86,99.9,23.39,5,Rainy,0,21.34,Spring
2022-03-10,S002,P0079,Furniture,South,143,132,110,123.56,86.73,20,Rainy,0,88.58,Spring
2022-02-20,S003,P0083,Toys,East,57,34,31,44.22,39.27,5,Sunny,0,40.32,Winter
2022-01-17,S001,P0046,Clothing,West,266,197,212,181.91,29.78,10,Sunny,0,29.12,Winter
2023-01-19,S004,P0046,Clothing,West,184,147,142,158.78,49.73,10,Cloudy,0,49.8,Winter
2022-07-01,S004,P0066,Clothing,West,183,71,84,83.0,79.03,10,Snowy,0,79.63,Summer
2023-06-12,S003,P0159,Electronics,North,126,100,97,92.51,61.06,5,Cloudy,0,64.78,Summer
2022-03-27,S001,P0096,Toys,North,192,107,95,109.48,71.81,10,Rainy,0,74.11,Spring
2023-04-01,S002,P0126,Clothing,West,116,72,58,94.08,85.37,5,Snowy,0,84.33,Spring
2022-07-24,S001,P0085,Electronics,West,238,178,162,164.17,58.9,10,Cloudy,0,55.8,Summer
2022-09-15,S001,P0133,Clothing,North,228,128,133,134.4,48.62,10,Sunny,0,52.68,Autumn
2023-05-23,S004,P0166,Groceries,West,146,120,129,169.67,42.91,5,Cloudy,0,45.21,Summer
2022-04-12,S001,P0031,Electronics,South,126,73,74,90.65,88.58,10,Rainy,0,91.04,Spring
2022-08-16,S003,P0079,Furniture,North,103,98,82,97.26,10.44,5,Snowy,0,10.17,Autumn
2023-12-26,S005,P0129,Furniture,South,142,50,52,58.07,95.76,0,Sunny,0,100.61,Winter
2022-02-27,S001,P0069,Clothing,North,107,61,64,80.21,28.4,10,Snowy,1,28.52,Winter
2022-09-18,S005,P0017,Toys,East,158,79,91,86.48,81.6,0,Sunny,0,88.84,Autumn
2023-03-10,S003,P0083,Toys,South,146,81,93,96.65,18.44,5,Cloudy,1,16.8,Spring
2022-06-10,S002,P0133,Clothing,East,172,69,78,77.57,83.17,10,Rainy,0,77.85,Summer
2022-04-21,S001,P0133,Clothing,East,164,103,98,129.66,28.11,10,Snowy,1,25.96,Spring
2022-01-08,S003,P0068,Electronics,East,130,120,112,128.42,40.97,0,Sunny,0,42.13,Winter
2023-02-10,S002,P0017,Toys,North,225,109,130,133.62,80.46,5,Cloudy,0,81.73,Winter
2022-04-07,S003,P0159,Electronics,North,119,89,100,119.54,48.4,20,Sunny,1,47.33,Spring
2022-09-20,S001,P0159,Electronics,East,128,59,69,81.17,42.77,0,Cloudy,0,38.89,Autumn
2022-01-13,S001,P0016,Clothing,East,126,87,71,98.38,61.82,10,Cloudy,0,59.96,Winter
2023-11-26,S001,P0166,Groceries,West,115,88,99,114.99,23.66,10,Rainy,1,22.05,Winter
2022-03-14,S001,P0133,Clothing,West,208,127,116,146.91,56.48,10,Sunny,1,57.84,Spring
2023-07-14,S001,P0149,Furniture,East,173,106,120,135.84,39.36,10,Sunny,0,40.33,Summer
2023-09-10,S003,P0017,Toys,West,127,61,63,62.67,56.18,15,Sunny,0,50.73,Autumn
2022-05-19,S004,P0171,Electronics,South,159,88,100,99.1,29.55,20,Sunny,0,29.23,Summer
2022-09-02,S005,P0016,Clothing,North,54,54,49,71.42,44.4,5,Snowy,0,41.77,Autumn
2022-02-10,S004,P0068,Electronics,East,184,97,101,105.66,40.19,10,Snowy,0,40.86,Winter
2022-06-14,S002,P0061,Clothing,North,123,85,74,121.63,85.15,0,Rainy,0,89.16,Summer
2022-11-01,S002,P0061,Clothing,East,215,160,178,202.7,91.03,5,Rainy,0,99.94,Winter
2022-01-08,S002,P0068,Electronics,East,219,137,148,139.6,53.56,15,Cloudy,0,49.98,Winter
2023-09-18,S001,P0159,Electronics,South,90,62,66,69.92,98.8,20,Rainy,0,91.87,Autumn
2022-10-15,S005,P0096,Toys,East,159,70,72,72.07,17.86,0,Snowy,0,16.54,Autumn
2023-09-07,S002,P0069,Clothing,East,179,129,144,139.92,85.89,5,Snowy,0,91.36,Autumn
2022-12-15,S005,P0116,Furniture,East,126,118,124,123.25,35.49,0,Snowy,0,36.73,Winter
2023-06-24,S003,P0068,Electronics,North,134,45,36,47.9,68.81,0,Snowy,0,65.15,Summer
2023-04-20,S003,P0067,Furniture,North,209,119,127,148.35,64.9,20,Cloudy,1,69.55,Spring
2023-06-05,S001,P0079,Furniture,East,90,84,72,83.33,98.78,20,Rainy,0,100.56,Summer
2023-02-13,S003,P0070,Electronics,North,138,74,76,105.54,86.88,15,Cloudy,0,86.66,Winter
2023-02-24,S004,P0085,Electronics,South,141,145,117,137.12,17.87,10,Sunny,1,18.59,Winter
2022-11-28,S005,P0031,Electronics,East,212,118,134,122.45,31.99,0,Snowy,0,33.75,Winter
2022-10-02,S003,P0116,Furniture,West,157,67,64,76.19,84.07,10,Snowy,0,80.53,Autumn
2022-04-09,S005,P0094,Groceries,North,127,105,117,97.28,86.74,10,Rainy,0,94.15,Spring
2023-12-08,S002,P0175,Electronics,West,99,89,95,90.49,54.12,0,Snowy,0,58.2,Winter
2023-06-02,S002,P0175,Electronics,East,98,87,80,82.06,18.22,10,Rainy,0,17.86,Summer
2023-07-28,S003,P0096,Toys,North,170,100,99,124.52,85.86,10,Snowy,0,90.86,Summer
2023-01-16,S003,P0068,Electronics,North,166,60,69,59.01,87.25,5,Snowy,0,85.71,Winter
2023-05-10,S002,P0046,Clothing,East,113,88,79,83.31,42.97,10,Rainy,0,39.61,Summer
2023-07-18,S002,P0153,Furniture,West,120,83,97,91.23,38.15,15,Snowy,0,36.21,Summer
2022-07-10,S003,P0133,Clothing,South,84,70,65,80.8,85.45,5,Snowy,0,90.94,Summer
2023-11-21,S003,P0096,Toys,South,145,99,115,113.91,24.84,0,Snowy,1,26.89,Winter
2022-08-05,S001,P0187,Clothing,West,108,87,84,116.37,39.67,5,Rainy,0,41.2,Autumn
2022-11-05,S005,P0187,Clothing,South,158,140,150,180.63,38.77,0,Snowy,0,40.42,Winter
2023-11-28,S005,P0133,Clothing,South,228,150,164,166.82,53.11,5,Snowy,1,57.91,Winter
2022-04-15,S005,P0057,Clothing,West,173,109,124,121.57,91.57,10,Rainy,1,92.16,Spring
2022-06-23,S002,P0153,Furniture,East,64,55,50,71.15,79.9,10,Snowy,0,76.42,Summer
2022-08-08,S005,P0057,Clothing,South,118,75,83,84.74,82.23,15,Snowy,0,87.29,Autumn
2023-04-07,S005,P0061,Clothing,North,65,36,32,48.98,85.86,5,Cloudy,0,82.34,Spring
2022-10-07,S005,P0153,Furniture,East,147,81,73,113.69,96.06,5,Cloudy,0,92.41,Autumn
2022-03-31,S004,P0066,Clothing,West,150,99,116,92.47,73.1,10,Rainy,0,77.15,Spring
2022-08-19,S001,P0187,Clothing,West,216,135,129,142.72,80.17,0,Snowy,0,81.29,Autumn
2022-12-29,S002,P0125,Clothing,South,207,153,157,150.51,35.38,15,Cloudy,0,37.37,Winter
2023-08-17,S001,P0083,Toys,East,137,72,69,96.35,96.34,15,Sunny,1,87.43,Autumn
2022-01-19,S002,P0085,Electronics,South,174,100,82,92.93,92.39,0,Sunny,0,91.28,Winter
2023-12-17,S005,P0133,Clothing,North,164,142,124,186.32,94.64,10,Rainy,0,101.96,Winter
2022-08-17,S001,P0178,Clothing,North,125,43,41,61.57,42.3,10,Cloudy,0,40.89,Autumn
2023-05-14,S001,P0175,Electronics,North,153,100,98,125.35,98.69,0,Snowy,0,108.32,Summer
2023-03-13,S004,P0070,Electronics,West,126,118,110,108.24,87.48,0,Sunny,0,85.49,Spring
2022-01-06,S002,P0066,Clothing,West,234,198,164,197.21,70.2,0,Snowy,0,71.06,Winter
2023-08-30,S005,P0068,Electronics,North,211,106,126,147.61,34.05,10,Rainy,0,37.25,Autumn
2022-02-18,S004,P0129,Furniture,East,208,111,123,134.27,60.2,15,Rainy,0,61.39,Winter
2022-12-29,S004,P0083,Toys,North,191,102,111,112.59,58.54,5,Rainy,0,53.52,Winter
2023-11-10,S004,P0125,Clothing,West,209,133,126,190.34,73.29,0,Rainy,0,66.93,Winter
2023-06-25,S001,P0066,Clothing,South,145,73,60,74.67,58.36,5,Sunny,0,62.08,Summer
2022-08-11,S005,P0149,Furniture,West,126,74,68,102.65,86.72,15,Snowy,0,85.15,Autumn
2022-06-08,S002,P0153,Furniture,South,125,73,69,89.43,70.68,0,Rainy,0,66.24,Summer
2022-09-16,S002,P0149,Furniture,South,170,109,95,118.05,18.86,15,Sunny,1,17.68,Autumn
2023-06-17,S002,P0125,Clothing,East,142,106,90,120.1,16.53,10,Cloudy,0,17.23,Summer
2022-04-12,S005,P0031,Electronics,West,49,45,38,46.48,24.79,10,Rainy,0,23.08,Spring
2023-06-07,S002,P0125,Clothing,East,121,118,101,108.46,48.04,15,Rainy,0,47.91,Summer
2022-01-26,S002,P0046,Clothing,South,152,119,105,135.11,44.71,0,Rainy,1,40.32,Winter
2023-02-23,S003,P0133,Clothing,West,249,205,173,208.08,93.01,5,Sunny,0,91.66,Winter
2022-08-01,S002,P0153,Furniture,West,220,129,130,121.89,51.33,0,Sunny,0,47.83,Autumn
2023-01-07,S002,P0175,Electronics,West,189,121,122,118.19,36.13,0,Snowy,0,34.09,Winter
